"id","vehicle_id","trip_id","timestamp","latitude","longitude","bearing","origin","destination","route_name","direction","operator"
23811684,"4716","1091","2026-01-26 15:57:02",53.44451,-2.925173,,Queen_Square_Bus_Station,Petherick_Road,"14",outbound,AMSY
23812075,"4716","1091","2026-01-26 15:57:24",53.445026,-2.923543,53,Queen_Square_Bus_Station,Petherick_Road,"14",outbound,AMSY
23813255,"4716","1091","2026-01-26 15:57:48",53.445033,-2.92346,71,Queen_Square_Bus_Station,Petherick_Road,"14",outbound,AMSY
23813651,"4716","1091","2026-01-26 15:58:06",53.445321,-2.922596,50,Queen_Square_Bus_Station,Petherick_Road,"14",outbound,AMSY
23814441,"4716","1091","2026-01-26 15:58:27",53.445486,-2.922096,59,Queen_Square_Bus_Station,Petherick_Road,"14",outbound,AMSY
23815618,"4716","1091","2026-01-26 15:58:52",53.446725,-2.919213,54,Queen_Square_Bus_Station,Petherick_Road,"14",outbound,AMSY
23816787,"4716","1091","2026-01-26 15:59:15",53.44709,-2.918461,37,Queen_Square_Bus_Station,Petherick_Road,"14",outbound,AMSY
23817179,"4716","1091","2026-01-26 15:59:28",53.447205,-2.918061,57,Queen_Square_Bus_Station,Petherick_Road,"14",outbound,AMSY
23817572,"4716","1091","2026-01-26 15:59:36",53.447411,-2.917583,53,Queen_Square_Bus_Station,Petherick_Road,"14",outbound,AMSY
23818450,"4716","1091","2026-01-26 16:00:09",53.447493,-2.917358,,Queen_Square_Bus_Station,Petherick_Road,"14",outbound,AMSY
23819243,"4716","1091","2026-01-26 16:00:42",53.447503,-2.917356,,Queen_Square_Bus_Station,Petherick_Road,"14",outbound,AMSY
23820431,"4716","1091","2026-01-26 16:01:15",53.44812,-2.916001,51,Queen_Square_Bus_Station,Petherick_Road,"14",outbound,AMSY
23821617,"4716","1091","2026-01-26 16:01:48",53.448488,-2.915296,53,Queen_Square_Bus_Station,Petherick_Road,"14",outbound,AMSY
23823185,"4716","1091","2026-01-26 16:02:21",53.448496,-2.915306,,Queen_Square_Bus_Station,Petherick_Road,"14",outbound,AMSY
23824349,"4716","1091","2026-01-26 16:02:52",53.448496,-2.915306,,Queen_Square_Bus_Station,Petherick_Road,"14",outbound,AMSY
23825517,"4716","1091","2026-01-26 16:03:25",53.448466,-2.915248,200,Queen_Square_Bus_Station,Petherick_Road,"14",outbound,AMSY
23827086,"4716","1091","2026-01-26 16:03:58",53.448373,-2.915275,,Queen_Square_Bus_Station,Petherick_Road,"14",outbound,AMSY
23828263,"4716","1091","2026-01-26 16:04:31",53.448375,-2.915368,278,Queen_Square_Bus_Station,Petherick_Road,"14",outbound,AMSY
23829451,"4716","1091","2026-01-26 16:04:57",53.448631,-2.914703,56,Queen_Square_Bus_Station,Petherick_Road,"14",outbound,AMSY
23829848,"4716","1091","2026-01-26 16:05:10",53.449188,-2.913481,68,Queen_Square_Bus_Station,Petherick_Road,"14",outbound,AMSY
23831040,"4716","1091","2026-01-26 16:05:42",53.450528,-2.910468,52,Queen_Square_Bus_Station,Petherick_Road,"14",outbound,AMSY
23832234,"4716","1091","2026-01-26 16:06:14",53.451088,-2.909408,61,Queen_Square_Bus_Station,Petherick_Road,"14",outbound,AMSY
23832632,"4716","1091","2026-01-26 16:06:25",53.451498,-2.908198,56,Queen_Square_Bus_Station,Petherick_Road,"14",outbound,AMSY
23833030,"4716","1091","2026-01-26 16:06:37",53.451946,-2.906985,56,Queen_Square_Bus_Station,Petherick_Road,"14",outbound,AMSY
23834617,"4716","1091","2026-01-26 16:07:15",53.452498,-2.905581,56,Queen_Square_Bus_Station,Petherick_Road,"14",outbound,AMSY
23835403,"4716","1091","2026-01-26 16:07:30",53.453113,-2.903838,80,Queen_Square_Bus_Station,Petherick_Road,"14",outbound,AMSY
23836581,"4716","1091","2026-01-26 16:08:04",53.45324,-2.902371,84,Queen_Square_Bus_Station,Petherick_Road,"14",outbound,AMSY
23836975,"4716","1091","2026-01-26 16:08:07",53.453281,-2.902011,84,Queen_Square_Bus_Station,Petherick_Road,"14",outbound,AMSY
23837761,"4716","1091","2026-01-26 16:08:27",53.453973,-2.899736,38,Queen_Square_Bus_Station,Petherick_Road,"14",outbound,AMSY
23838541,"4716","1091","2026-01-26 16:08:53",53.455043,-2.898798,21,Queen_Square_Bus_Station,Petherick_Road,"14",outbound,AMSY
23839706,"4716","1091","2026-01-26 16:09:22",53.455855,-2.898195,22,Queen_Square_Bus_Station,Petherick_Road,"14",outbound,AMSY
23840093,"4716","1091","2026-01-26 16:09:29",53.456408,-2.89777,24,Queen_Square_Bus_Station,Petherick_Road,"14",outbound,AMSY
23841255,"4716","1091","2026-01-26 16:10:02",53.456795,-2.896648,56,Queen_Square_Bus_Station,Petherick_Road,"14",outbound,AMSY
23841643,"4716","1091","2026-01-26 16:10:07",53.457018,-2.89646,26,Queen_Square_Bus_Station,Petherick_Road,"14",outbound,AMSY
23842802,"4716","1091","2026-01-26 16:10:44",53.458021,-2.895621,16,Queen_Square_Bus_Station,Petherick_Road,"14",outbound,AMSY
23843577,"4716","1091","2026-01-26 16:11:08",53.459943,-2.8943,30,Queen_Square_Bus_Station,Petherick_Road,"14",outbound,AMSY
23845152,"4716","1091","2026-01-26 16:11:39",53.46127,-2.894308,314,Queen_Square_Bus_Station,Petherick_Road,"14",outbound,AMSY
23845547,"4716","1091","2026-01-26 16:11:51",53.461896,-2.894878,,Queen_Square_Bus_Station,Petherick_Road,"14",outbound,AMSY
23965832,"4716","1107","2026-01-26 17:03:09",53.407606,-2.980093,,Queen_Square_Bus_Station,Petherick_Road,"14",outbound,AMSY
23967433,"4716","1107","2026-01-26 17:03:42",53.407783,-2.980478,287,Queen_Square_Bus_Station,Petherick_Road,"14",outbound,AMSY
23968627,"4716","1107","2026-01-26 17:04:24",53.408173,-2.98148,317,Queen_Square_Bus_Station,Petherick_Road,"14",outbound,AMSY
23970204,"4716","1107","2026-01-26 17:04:57",53.408618,-2.982953,229,Queen_Square_Bus_Station,Petherick_Road,"14",outbound,AMSY
23971380,"4716","1107","2026-01-26 17:05:30",53.408241,-2.983683,220,Queen_Square_Bus_Station,Petherick_Road,"14",outbound,AMSY
23972556,"4716","1107","2026-01-26 17:06:03",53.40789,-2.983921,210,Queen_Square_Bus_Station,Petherick_Road,"14",outbound,AMSY
23974135,"4716","1107","2026-01-26 17:06:36",53.407811,-2.983948,,Queen_Square_Bus_Station,Petherick_Road,"14",outbound,AMSY
23974924,"4716","1107","2026-01-26 17:06:57",53.407515,-2.983643,107,Queen_Square_Bus_Station,Petherick_Road,"14",outbound,AMSY
23976116,"4716","1107","2026-01-26 17:07:28",53.407451,-2.982858,,Queen_Square_Bus_Station,Petherick_Road,"14",outbound,AMSY
23977296,"4716","1107","2026-01-26 17:08:01",53.407441,-2.982818,,Queen_Square_Bus_Station,Petherick_Road,"14",outbound,AMSY
23978860,"4716","1107","2026-01-26 17:08:34",53.407441,-2.982818,,Queen_Square_Bus_Station,Petherick_Road,"14",outbound,AMSY
23980032,"4716","1107","2026-01-26 17:09:07",53.407445,-2.982803,,Queen_Square_Bus_Station,Petherick_Road,"14",outbound,AMSY
23981204,"4716","1107","2026-01-26 17:09:40",53.407445,-2.982803,,Queen_Square_Bus_Station,Petherick_Road,"14",outbound,AMSY
23982388,"4716","1107","2026-01-26 17:10:14",53.407515,-2.982133,33,Queen_Square_Bus_Station,Petherick_Road,"14",outbound,AMSY
23982776,"4716","1107","2026-01-26 17:10:23",53.407583,-2.982025,50,Queen_Square_Bus_Station,Petherick_Road,"14",outbound,AMSY
23983543,"4716","1107","2026-01-26 17:10:52",53.407583,-2.982025,,Queen_Square_Bus_Station,Petherick_Road,"14",outbound,AMSY
23983928,"4716","1107","2026-01-26 17:11:02",53.407583,-2.982025,,Queen_Square_Bus_Station,Petherick_Road,"14",outbound,AMSY
23984313,"4716","1107","2026-01-26 17:11:09",53.407583,-2.982025,,Queen_Square_Bus_Station,Petherick_Road,"14",outbound,AMSY
23984698,"4716","1107","2026-01-26 17:11:18",53.407583,-2.982025,,Queen_Square_Bus_Station,Petherick_Road,"14",outbound,AMSY
23985085,"4716","1107","2026-01-26 17:11:25",53.407583,-2.982025,,Queen_Square_Bus_Station,Petherick_Road,"14",outbound,AMSY
23986246,"4716","1107","2026-01-26 17:11:59",53.407788,-2.981343,45,Queen_Square_Bus_Station,Petherick_Road,"14",outbound,AMSY
23986631,"4716","1107","2026-01-26 17:12:03",53.40792,-2.981141,53,Queen_Square_Bus_Station,Petherick_Road,"14",outbound,AMSY
23987786,"4716","1107","2026-01-26 17:12:36",53.407901,-2.980683,,Queen_Square_Bus_Station,Petherick_Road,"14",outbound,AMSY
23988947,"4716","1107","2026-01-26 17:13:09",53.407823,-2.980361,120,Queen_Square_Bus_Station,Petherick_Road,"14",outbound,AMSY
23990124,"4716","1107","2026-01-26 17:13:42",53.408305,-2.979098,13,Queen_Square_Bus_Station,Petherick_Road,"14",outbound,AMSY
23991689,"4716","1107","2026-01-26 17:14:15",53.408808,-2.97875,9,Queen_Square_Bus_Station,Petherick_Road,"14",outbound,AMSY
23992869,"4716","1107","2026-01-26 17:14:48",53.409336,-2.977541,93,Queen_Square_Bus_Station,Petherick_Road,"14",outbound,AMSY
23994055,"4716","1107","2026-01-26 17:15:21",53.409358,-2.975833,95,Queen_Square_Bus_Station,Petherick_Road,"14",outbound,AMSY
23995245,"4716","1107","2026-01-26 17:15:54",53.409285,-2.975666,112,Queen_Square_Bus_Station,Petherick_Road,"14",outbound,AMSY
23996423,"4716","1107","2026-01-26 17:16:16",53.409263,-2.973705,96,Queen_Square_Bus_Station,Petherick_Road,"14",outbound,AMSY
23996813,"4716","1107","2026-01-26 17:16:28",53.409206,-2.973243,96,Queen_Square_Bus_Station,Petherick_Road,"14",outbound,AMSY
23997202,"4716","1107","2026-01-26 17:16:38",53.409206,-2.973243,96,Queen_Square_Bus_Station,Petherick_Road,"14",outbound,AMSY
23998380,"4716","1107","2026-01-26 17:17:08",53.4092,-2.97323,,Queen_Square_Bus_Station,Petherick_Road,"14",outbound,AMSY
23998774,"4716","1107","2026-01-26 17:17:19",53.4092,-2.97323,,Queen_Square_Bus_Station,Petherick_Road,"14",outbound,AMSY
23999168,"4716","1107","2026-01-26 17:17:27",53.4092,-2.97323,,Queen_Square_Bus_Station,Petherick_Road,"14",outbound,AMSY
23999954,"4716","1107","2026-01-26 17:17:47",53.409146,-2.972475,96,Queen_Square_Bus_Station,Petherick_Road,"14",outbound,AMSY
24000744,"4716","1107","2026-01-26 17:18:05",53.4091,-2.972268,104,Queen_Square_Bus_Station,Petherick_Road,"14",outbound,AMSY
24001936,"4716","1107","2026-01-26 17:18:38",53.409048,-2.970693,73,Queen_Square_Bus_Station,Petherick_Road,"14",outbound,AMSY
24003126,"4716","1107","2026-01-26 17:19:11",53.409048,-2.970693,,Queen_Square_Bus_Station,Petherick_Road,"14",outbound,AMSY
24003915,"4716","1107","2026-01-26 17:19:34",53.409681,-2.970683,47,Queen_Square_Bus_Station,Petherick_Road,"14",outbound,AMSY
24004706,"4716","1107","2026-01-26 17:19:50",53.409933,-2.970073,86,Queen_Square_Bus_Station,Petherick_Road,"14",outbound,AMSY
24005103,"4716","1107","2026-01-26 17:19:54",53.409933,-2.970073,86,Queen_Square_Bus_Station,Petherick_Road,"14",outbound,AMSY
24005498,"4716","1107","2026-01-26 17:20:10",53.410035,-2.969665,73,Queen_Square_Bus_Station,Petherick_Road,"14",outbound,AMSY
24005893,"4716","1107","2026-01-26 17:20:17",53.410143,-2.969131,74,Queen_Square_Bus_Station,Petherick_Road,"14",outbound,AMSY
24007079,"4716","1107","2026-01-26 17:20:50",53.41037,-2.96862,46,Queen_Square_Bus_Station,Petherick_Road,"14",outbound,AMSY
24008265,"4716","1107","2026-01-26 17:21:23",53.410378,-2.968591,,Queen_Square_Bus_Station,Petherick_Road,"14",outbound,AMSY
24009838,"4716","1107","2026-01-26 17:21:56",53.410696,-2.967923,357,Queen_Square_Bus_Station,Petherick_Road,"14",outbound,AMSY
24011020,"4716","1107","2026-01-26 17:22:29",53.411006,-2.968258,,Queen_Square_Bus_Station,Petherick_Road,"14",outbound,AMSY
24012207,"4716","1107","2026-01-26 17:23:02",53.411006,-2.968258,,Queen_Square_Bus_Station,Petherick_Road,"14",outbound,AMSY
24012999,"4716","1107","2026-01-26 17:23:22",53.411871,-2.96781,37,Queen_Square_Bus_Station,Petherick_Road,"14",outbound,AMSY
24013792,"4716","1107","2026-01-26 17:23:32",53.412328,-2.966591,52,Queen_Square_Bus_Station,Petherick_Road,"14",outbound,AMSY
24014985,"4716","1107","2026-01-26 17:24:07",53.414218,-2.962583,21,Queen_Square_Bus_Station,Petherick_Road,"14",outbound,AMSY
24016181,"4716","1107","2026-01-26 17:24:38",53.41484,-2.963033,303,Queen_Square_Bus_Station,Petherick_Road,"14",outbound,AMSY
24017384,"4716","1107","2026-01-26 17:25:09",53.41484,-2.963033,,Queen_Square_Bus_Station,Petherick_Road,"14",outbound,AMSY
24017788,"4716","1107","2026-01-26 17:25:17",53.415,-2.963316,315,Queen_Square_Bus_Station,Petherick_Road,"14",outbound,AMSY
24018190,"4716","1107","2026-01-26 17:25:23",53.415208,-2.96359,321,Queen_Square_Bus_Station,Petherick_Road,"14",outbound,AMSY
24018995,"4716","1107","2026-01-26 17:25:46",53.416456,-2.96517,322,Queen_Square_Bus_Station,Petherick_Road,"14",outbound,AMSY
24020209,"4716","1107","2026-01-26 17:26:19",53.417291,-2.96622,318,Queen_Square_Bus_Station,Petherick_Road,"14",outbound,AMSY
24020616,"4716","1107","2026-01-26 17:26:33",53.418366,-2.967321,347,Queen_Square_Bus_Station,Petherick_Road,"14",outbound,AMSY
24021437,"4716","1107","2026-01-26 17:26:55",53.418738,-2.967473,345,Queen_Square_Bus_Station,Petherick_Road,"14",outbound,AMSY
24022252,"4716","1107","2026-01-26 17:27:11",53.4192,-2.967641,344,Queen_Square_Bus_Station,Petherick_Road,"14",outbound,AMSY
24023473,"4716","1107","2026-01-26 17:27:43",53.420521,-2.964613,33,Queen_Square_Bus_Station,Petherick_Road,"14",outbound,AMSY
24023881,"4716","1107","2026-01-26 17:27:52",53.421238,-2.963815,39,Queen_Square_Bus_Station,Petherick_Road,"14",outbound,AMSY
24025510,"4716","1107","2026-01-26 17:28:24",53.422148,-2.961061,69,Queen_Square_Bus_Station,Petherick_Road,"14",outbound,AMSY
24026730,"4716","1107","2026-01-26 17:28:57",53.422156,-2.961055,,Queen_Square_Bus_Station,Petherick_Road,"14",outbound,AMSY
24027543,"4716","1107","2026-01-26 17:29:16",53.422378,-2.960169,54,Queen_Square_Bus_Station,Petherick_Road,"14",outbound,AMSY
24028761,"4716","1107","2026-01-26 17:29:48",53.42258,-2.959865,60,Queen_Square_Bus_Station,Petherick_Road,"14",outbound,AMSY
24029969,"4716","1107","2026-01-26 17:30:21",53.422813,-2.959356,,Queen_Square_Bus_Station,Petherick_Road,"14",outbound,AMSY
24030371,"4716","1107","2026-01-26 17:30:26",53.422943,-2.959031,54,Queen_Square_Bus_Station,Petherick_Road,"14",outbound,AMSY
24030775,"4716","1107","2026-01-26 17:30:35",53.423215,-2.958485,50,Queen_Square_Bus_Station,Petherick_Road,"14",outbound,AMSY
24031981,"4716","1107","2026-01-26 17:31:06",53.423508,-2.957725,61,Queen_Square_Bus_Station,Petherick_Road,"14",outbound,AMSY
24032782,"4716","1107","2026-01-26 17:31:22",53.424226,-2.955833,51,Queen_Square_Bus_Station,Petherick_Road,"14",outbound,AMSY
24033986,"4716","1107","2026-01-26 17:31:55",53.424556,-2.954906,56,Queen_Square_Bus_Station,Petherick_Road,"14",outbound,AMSY
24034787,"4716","1107","2026-01-26 17:32:21",53.424628,-2.954625,53,Queen_Square_Bus_Station,Petherick_Road,"14",outbound,AMSY
24035188,"4716","1107","2026-01-26 17:32:30",53.424968,-2.953968,47,Queen_Square_Bus_Station,Petherick_Road,"14",outbound,AMSY
24035590,"4716","1107","2026-01-26 17:32:44",53.425728,-2.9528,38,Queen_Square_Bus_Station,Petherick_Road,"14",outbound,AMSY
24037197,"4716","1107","2026-01-26 17:33:26",53.42643,-2.951808,36,Queen_Square_Bus_Station,Petherick_Road,"14",outbound,AMSY
24037601,"4716","1107","2026-01-26 17:33:31",53.426621,-2.951603,32,Queen_Square_Bus_Station,Petherick_Road,"14",outbound,AMSY
24039203,"4716","1107","2026-01-26 17:34:04",53.426745,-2.95138,,Queen_Square_Bus_Station,Petherick_Road,"14",outbound,AMSY
24040408,"4716","1107","2026-01-26 17:34:42",53.428085,-2.949731,25,Queen_Square_Bus_Station,Petherick_Road,"14",outbound,AMSY
24041617,"4716","1107","2026-01-26 17:35:13",53.42843,-2.949248,49,Queen_Square_Bus_Station,Petherick_Road,"14",outbound,AMSY
24042425,"4716","1107","2026-01-26 17:35:31",53.428668,-2.948633,54,Queen_Square_Bus_Station,Petherick_Road,"14",outbound,AMSY
24044023,"4716","1107","2026-01-26 17:36:07",53.429848,-2.945113,39,Queen_Square_Bus_Station,Petherick_Road,"14",outbound,AMSY
24045220,"4716","1107","2026-01-26 17:36:39",53.430393,-2.943905,44,Queen_Square_Bus_Station,Petherick_Road,"14",outbound,AMSY
24045619,"4716","1107","2026-01-26 17:36:45",53.430823,-2.943286,40,Queen_Square_Bus_Station,Petherick_Road,"14",outbound,AMSY
24046017,"4716","1107","2026-01-26 17:36:58",53.431793,-2.941626,46,Queen_Square_Bus_Station,Petherick_Road,"14",outbound,AMSY
24047209,"4716","1107","2026-01-26 17:37:27",53.432328,-2.940533,64,Queen_Square_Bus_Station,Petherick_Road,"14",outbound,AMSY
24047601,"4716","1107","2026-01-26 17:37:38",53.433078,-2.939236,38,Queen_Square_Bus_Station,Petherick_Road,"14",outbound,AMSY
24047994,"4716","1107","2026-01-26 17:37:47",53.43371,-2.938195,52,Queen_Square_Bus_Station,Petherick_Road,"14",outbound,AMSY
24048771,"4716","1107","2026-01-26 17:38:09",53.43458,-2.935448,53,Queen_Square_Bus_Station,Petherick_Road,"14",outbound,AMSY
24049928,"4716","1107","2026-01-26 17:38:42",53.435626,-2.933878,37,Queen_Square_Bus_Station,Petherick_Road,"14",outbound,AMSY
24051466,"4716","1107","2026-01-26 17:39:14",53.436481,-2.933123,21,Queen_Square_Bus_Station,Petherick_Road,"14",outbound,AMSY
24052668,"4716","1107","2026-01-26 17:39:53",53.437321,-2.932695,11,Queen_Square_Bus_Station,Petherick_Road,"14",outbound,AMSY
24053432,"4716","1107","2026-01-26 17:40:23",53.438221,-2.932626,0,Queen_Square_Bus_Station,Petherick_Road,"14",outbound,AMSY
24053816,"4716","1107","2026-01-26 17:40:27",53.438453,-2.932651,352,Queen_Square_Bus_Station,Petherick_Road,"14",outbound,AMSY
24054592,"4716","1107","2026-01-26 17:40:47",53.440818,-2.932763,6,Queen_Square_Bus_Station,Petherick_Road,"14",outbound,AMSY
24056933,"4716","1107","2026-01-26 17:41:45",53.441783,-2.932716,317,Queen_Square_Bus_Station,Petherick_Road,"14",outbound,AMSY
24057717,"4716","1107","2026-01-26 17:42:07",53.441443,-2.932291,,Queen_Square_Bus_Station,Petherick_Road,"14",outbound,AMSY
23825912,"4720","1095","2026-01-26 16:03:21",53.407516,-2.983266,109,Queen_Square_Bus_Station,Petherick_Road,"14",outbound,AMSY
23827089,"4720","1095","2026-01-26 16:03:54",53.407498,-2.983178,,Queen_Square_Bus_Station,Petherick_Road,"14",outbound,AMSY
23827871,"4720","1095","2026-01-26 16:04:27",53.407551,-2.983131,,Queen_Square_Bus_Station,Petherick_Road,"14",outbound,AMSY
23829454,"4720","1095","2026-01-26 16:05:00",53.407623,-2.98299,,Queen_Square_Bus_Station,Petherick_Road,"14",outbound,AMSY
23830647,"4720","1095","2026-01-26 16:05:31",53.407626,-2.98289,,Queen_Square_Bus_Station,Petherick_Road,"14",outbound,AMSY
23831837,"4720","1095","2026-01-26 16:06:04",53.407683,-2.982936,,Queen_Square_Bus_Station,Petherick_Road,"14",outbound,AMSY
23833033,"4720","1095","2026-01-26 16:06:37",53.407723,-2.982938,,Queen_Square_Bus_Station,Petherick_Road,"14",outbound,AMSY
23834620,"4720","1095","2026-01-26 16:07:08",53.407466,-2.98273,58,Queen_Square_Bus_Station,Petherick_Road,"14",outbound,AMSY
23835799,"4720","1095","2026-01-26 16:07:41",53.407536,-2.982135,28,Queen_Square_Bus_Station,Petherick_Road,"14",outbound,AMSY
23836192,"4720","1095","2026-01-26 16:07:44",53.407526,-2.982131,28,Queen_Square_Bus_Station,Petherick_Road,"14",outbound,AMSY
23836584,"4720","1095","2026-01-26 16:07:51",53.407545,-2.982125,,Queen_Square_Bus_Station,Petherick_Road,"14",outbound,AMSY
23836978,"4720","1095","2026-01-26 16:08:09",53.407553,-2.982085,,Queen_Square_Bus_Station,Petherick_Road,"14",outbound,AMSY
23837764,"4720","1095","2026-01-26 16:08:26",53.407536,-2.982098,,Queen_Square_Bus_Station,Petherick_Road,"14",outbound,AMSY
23838155,"4720","1095","2026-01-26 16:08:33",53.407536,-2.982098,,Queen_Square_Bus_Station,Petherick_Road,"14",outbound,AMSY
23838544,"4720","1095","2026-01-26 16:08:42",53.407551,-2.982116,,Queen_Square_Bus_Station,Petherick_Road,"14",outbound,AMSY
23838933,"4720","1095","2026-01-26 16:08:51",53.407546,-2.982153,,Queen_Square_Bus_Station,Petherick_Road,"14",outbound,AMSY
23839322,"4720","1095","2026-01-26 16:08:56",53.40752,-2.98219,,Queen_Square_Bus_Station,Petherick_Road,"14",outbound,AMSY
23839709,"4720","1095","2026-01-26 16:09:05",53.407528,-2.982183,,Queen_Square_Bus_Station,Petherick_Road,"14",outbound,AMSY
23840096,"4720","1095","2026-01-26 16:09:08",53.407528,-2.982183,,Queen_Square_Bus_Station,Petherick_Road,"14",outbound,AMSY
23840482,"4720","1095","2026-01-26 16:09:29",53.407556,-2.982106,,Queen_Square_Bus_Station,Petherick_Road,"14",outbound,AMSY
23840872,"4720","1095","2026-01-26 16:09:42",53.407585,-2.982081,,Queen_Square_Bus_Station,Petherick_Road,"14",outbound,AMSY
23841258,"4720","1095","2026-01-26 16:09:51",53.407568,-2.982078,,Queen_Square_Bus_Station,Petherick_Road,"14",outbound,AMSY
23841646,"4720","1095","2026-01-26 16:09:59",53.40756,-2.982088,,Queen_Square_Bus_Station,Petherick_Road,"14",outbound,AMSY
23842032,"4720","1095","2026-01-26 16:10:09",53.407556,-2.982103,,Queen_Square_Bus_Station,Petherick_Road,"14",outbound,AMSY
23842417,"4720","1095","2026-01-26 16:10:20",53.407555,-2.982118,,Queen_Square_Bus_Station,Petherick_Road,"14",outbound,AMSY
23842805,"4720","1095","2026-01-26 16:10:26",53.407555,-2.982118,,Queen_Square_Bus_Station,Petherick_Road,"14",outbound,AMSY
23843192,"4720","1095","2026-01-26 16:10:38",53.407551,-2.982086,,Queen_Square_Bus_Station,Petherick_Road,"14",outbound,AMSY
23843580,"4720","1095","2026-01-26 16:10:50",53.407506,-2.982098,,Queen_Square_Bus_Station,Petherick_Road,"14",outbound,AMSY
23843973,"4720","1095","2026-01-26 16:10:58",53.407493,-2.98209,,Queen_Square_Bus_Station,Petherick_Road,"14",outbound,AMSY
23844367,"4720","1095","2026-01-26 16:11:06",53.407488,-2.982103,,Queen_Square_Bus_Station,Petherick_Road,"14",outbound,AMSY
23844760,"4720","1095","2026-01-26 16:11:14",53.407505,-2.982126,,Queen_Square_Bus_Station,Petherick_Road,"14",outbound,AMSY
23845155,"4720","1095","2026-01-26 16:11:29",53.40753,-2.982151,,Queen_Square_Bus_Station,Petherick_Road,"14",outbound,AMSY
23845550,"4720","1095","2026-01-26 16:11:31",53.40753,-2.982151,,Queen_Square_Bus_Station,Petherick_Road,"14",outbound,AMSY
23845946,"4720","1095","2026-01-26 16:12:04",53.407643,-2.981873,72,Queen_Square_Bus_Station,Petherick_Road,"14",outbound,AMSY
23847129,"4720","1095","2026-01-26 16:12:27",53.407913,-2.981376,43,Queen_Square_Bus_Station,Petherick_Road,"14",outbound,AMSY
23848302,"4720","1095","2026-01-26 16:12:58",53.408001,-2.98131,,Queen_Square_Bus_Station,Petherick_Road,"14",outbound,AMSY
23849476,"4720","1095","2026-01-26 16:13:31",53.408031,-2.981298,,Queen_Square_Bus_Station,Petherick_Road,"14",outbound,AMSY
23850644,"4720","1095","2026-01-26 16:14:02",53.408021,-2.981205,68,Queen_Square_Bus_Station,Petherick_Road,"14",outbound,AMSY
23851033,"4720","1095","2026-01-26 16:14:13",53.407943,-2.980405,106,Queen_Square_Bus_Station,Petherick_Road,"14",outbound,AMSY
23852200,"4720","1095","2026-01-26 16:14:45",53.407801,-2.980266,,Queen_Square_Bus_Station,Petherick_Road,"14",outbound,AMSY
23853377,"4720","1095","2026-01-26 16:15:16",53.407663,-2.979515,52,Queen_Square_Bus_Station,Petherick_Road,"14",outbound,AMSY
23854943,"4720","1095","2026-01-26 16:15:49",53.40918,-2.978513,27,Queen_Square_Bus_Station,Petherick_Road,"14",outbound,AMSY
23856119,"4720","1095","2026-01-26 16:16:20",53.409446,-2.97736,67,Queen_Square_Bus_Station,Petherick_Road,"14",outbound,AMSY
23857280,"4720","1095","2026-01-26 16:16:53",53.409391,-2.975488,67,Queen_Square_Bus_Station,Petherick_Road,"14",outbound,AMSY
23858426,"4720","1095","2026-01-26 16:17:27",53.409446,-2.975435,,Queen_Square_Bus_Station,Petherick_Road,"14",outbound,AMSY
23859956,"4720","1095","2026-01-26 16:18:00",53.409446,-2.975435,,Queen_Square_Bus_Station,Petherick_Road,"14",outbound,AMSY
23860729,"4720","1095","2026-01-26 16:18:21",53.40936,-2.973701,102,Queen_Square_Bus_Station,Petherick_Road,"14",outbound,AMSY
23861896,"4720","1095","2026-01-26 16:18:46",53.409276,-2.973323,,Queen_Square_Bus_Station,Petherick_Road,"14",outbound,AMSY
23862287,"4720","1095","2026-01-26 16:18:54",53.409276,-2.973323,,Queen_Square_Bus_Station,Petherick_Road,"14",outbound,AMSY
23862677,"4720","1095","2026-01-26 16:19:07",53.409268,-2.973316,,Queen_Square_Bus_Station,Petherick_Road,"14",outbound,AMSY
23863848,"4720","1095","2026-01-26 16:19:37",53.409103,-2.972236,100,Queen_Square_Bus_Station,Petherick_Road,"14",outbound,AMSY
23865007,"4720","1095","2026-01-26 16:20:09",53.409138,-2.970368,17,Queen_Square_Bus_Station,Petherick_Road,"14",outbound,AMSY
23865783,"4720","1095","2026-01-26 16:20:31",53.40965,-2.97056,46,Queen_Square_Bus_Station,Petherick_Road,"14",outbound,AMSY
23866565,"4720","1095","2026-01-26 16:20:47",53.40993,-2.970323,51,Queen_Square_Bus_Station,Petherick_Road,"14",outbound,AMSY
23866953,"4720","1095","2026-01-26 16:20:57",53.409933,-2.970268,51,Queen_Square_Bus_Station,Petherick_Road,"14",outbound,AMSY
23867344,"4720","1095","2026-01-26 16:21:03",53.409933,-2.970226,,Queen_Square_Bus_Station,Petherick_Road,"14",outbound,AMSY
23868124,"4720","1095","2026-01-26 16:21:34",53.409993,-2.97004,,Queen_Square_Bus_Station,Petherick_Road,"14",outbound,AMSY
23868912,"4720","1095","2026-01-26 16:21:55",53.410068,-2.969766,73,Queen_Square_Bus_Station,Petherick_Road,"14",outbound,AMSY
23870505,"4720","1095","2026-01-26 16:22:27",53.41007,-2.96948,78,Queen_Square_Bus_Station,Petherick_Road,"14",outbound,AMSY
23871307,"4720","1095","2026-01-26 16:22:45",53.410215,-2.968688,67,Queen_Square_Bus_Station,Petherick_Road,"14",outbound,AMSY
23872102,"4720","1095","2026-01-26 16:23:16",53.4104,-2.968228,,Queen_Square_Bus_Station,Petherick_Road,"14",outbound,AMSY
23873703,"4720","1095","2026-01-26 16:23:49",53.410406,-2.968213,,Queen_Square_Bus_Station,Petherick_Road,"14",outbound,AMSY
23874905,"4720","1095","2026-01-26 16:24:22",53.41052,-2.967733,,Queen_Square_Bus_Station,Petherick_Road,"14",outbound,AMSY
23876083,"4720","1095","2026-01-26 16:24:53",53.41052,-2.967733,,Queen_Square_Bus_Station,Petherick_Road,"14",outbound,AMSY
23877257,"4720","1095","2026-01-26 16:25:26",53.410611,-2.96752,36,Queen_Square_Bus_Station,Petherick_Road,"14",outbound,AMSY
23878815,"4720","1095","2026-01-26 16:25:57",53.411525,-2.967851,358,Queen_Square_Bus_Station,Petherick_Road,"14",outbound,AMSY
23879979,"4720","1095","2026-01-26 16:26:28",53.411525,-2.967851,,Queen_Square_Bus_Station,Petherick_Road,"14",outbound,AMSY
23881142,"4720","1095","2026-01-26 16:26:59",53.411525,-2.967851,,Queen_Square_Bus_Station,Petherick_Road,"14",outbound,AMSY
23881530,"4720","1095","2026-01-26 16:27:14",53.411825,-2.967735,26,Queen_Square_Bus_Station,Petherick_Road,"14",outbound,AMSY
23882701,"4720","1095","2026-01-26 16:27:45",53.412256,-2.966728,59,Queen_Square_Bus_Station,Petherick_Road,"14",outbound,AMSY
23883091,"4720","1095","2026-01-26 16:27:55",53.412616,-2.965843,53,Queen_Square_Bus_Station,Petherick_Road,"14",outbound,AMSY
23884264,"4720","1095","2026-01-26 16:28:22",53.414171,-2.962811,31,Queen_Square_Bus_Station,Petherick_Road,"14",outbound,AMSY
23885048,"4720","1095","2026-01-26 16:28:37",53.414541,-2.962748,350,Queen_Square_Bus_Station,Petherick_Road,"14",outbound,AMSY
23886233,"4720","1095","2026-01-26 16:29:11",53.415121,-2.963448,319,Queen_Square_Bus_Station,Petherick_Road,"14",outbound,AMSY
23887026,"4720","1095","2026-01-26 16:29:36",53.4165,-2.965016,325,Queen_Square_Bus_Station,Petherick_Road,"14",outbound,AMSY
23888210,"4720","1095","2026-01-26 16:30:00",53.416866,-2.965465,334,Queen_Square_Bus_Station,Petherick_Road,"14",outbound,AMSY
23888604,"4720","1095","2026-01-26 16:30:17",53.417201,-2.965858,319,Queen_Square_Bus_Station,Petherick_Road,"14",outbound,AMSY
23888997,"4720","1095","2026-01-26 16:30:20",53.417436,-2.966276,316,Queen_Square_Bus_Station,Petherick_Road,"14",outbound,AMSY
23889391,"4720","1095","2026-01-26 16:30:32",53.418348,-2.967278,343,Queen_Square_Bus_Station,Petherick_Road,"14",outbound,AMSY
23890576,"4720","1095","2026-01-26 16:31:05",53.4191,-2.967545,348,Queen_Square_Bus_Station,Petherick_Road,"14",outbound,AMSY
23890969,"4720","1095","2026-01-26 16:31:11",53.419275,-2.967606,353,Queen_Square_Bus_Station,Petherick_Road,"14",outbound,AMSY
23892141,"4720","1095","2026-01-26 16:31:42",53.41985,-2.966425,66,Queen_Square_Bus_Station,Petherick_Road,"14",outbound,AMSY
23892921,"4720","1095","2026-01-26 16:32:05",53.42122,-2.963923,22,Queen_Square_Bus_Station,Petherick_Road,"14",outbound,AMSY
23893310,"4720","1095","2026-01-26 16:32:08",53.421213,-2.963943,22,Queen_Square_Bus_Station,Petherick_Road,"14",outbound,AMSY
23894085,"4720","1095","2026-01-26 16:32:30",53.421228,-2.963888,54,Queen_Square_Bus_Station,Petherick_Road,"14",outbound,AMSY
23894475,"4720","1095","2026-01-26 16:32:42",53.421683,-2.962988,54,Queen_Square_Bus_Station,Petherick_Road,"14",outbound,AMSY
23895659,"4720","1095","2026-01-26 16:33:12",53.422405,-2.960226,54,Queen_Square_Bus_Station,Petherick_Road,"14",outbound,AMSY
23897237,"4720","1095","2026-01-26 16:33:43",53.422688,-2.95969,38,Queen_Square_Bus_Station,Petherick_Road,"14",outbound,AMSY
23897632,"4720","1095","2026-01-26 16:34:04",53.422678,-2.959706,,Queen_Square_Bus_Station,Petherick_Road,"14",outbound,AMSY
23898028,"4720","1095","2026-01-26 16:34:10",53.422683,-2.959691,,Queen_Square_Bus_Station,Petherick_Road,"14",outbound,AMSY
23898817,"4720","1095","2026-01-26 16:34:34",53.422996,-2.95904,36,Queen_Square_Bus_Station,Petherick_Road,"14",outbound,AMSY
23899995,"4720","1095","2026-01-26 16:35:06",53.424176,-2.95596,56,Queen_Square_Bus_Station,Petherick_Road,"14",outbound,AMSY
23900389,"4720","1095","2026-01-26 16:35:07",53.424231,-2.955836,52,Queen_Square_Bus_Station,Petherick_Road,"14",outbound,AMSY
23901564,"4720","1095","2026-01-26 16:35:43",53.424665,-2.954606,78,Queen_Square_Bus_Station,Petherick_Road,"14",outbound,AMSY
23901955,"4720","1095","2026-01-26 16:35:53",53.424911,-2.95399,48,Queen_Square_Bus_Station,Petherick_Road,"14",outbound,AMSY
23903127,"4720","1095","2026-01-26 16:36:22",53.425718,-2.952761,38,Queen_Square_Bus_Station,Petherick_Road,"14",outbound,AMSY
23904288,"4720","1095","2026-01-26 16:36:53",53.426201,-2.952233,28,Queen_Square_Bus_Station,Petherick_Road,"14",outbound,AMSY
23905837,"4720","1095","2026-01-26 16:37:26",53.426211,-2.952228,,Queen_Square_Bus_Station,Petherick_Road,"14",outbound,AMSY
23906222,"4720","1095","2026-01-26 16:37:44",53.426393,-2.951858,38,Queen_Square_Bus_Station,Petherick_Road,"14",outbound,AMSY
23906608,"4720","1095","2026-01-26 16:37:51",53.4266,-2.951631,38,Queen_Square_Bus_Station,Petherick_Road,"14",outbound,AMSY
23907761,"4720","1095","2026-01-26 16:38:24",53.426781,-2.951376,,Queen_Square_Bus_Station,Petherick_Road,"14",outbound,AMSY
23909308,"4720","1095","2026-01-26 16:38:57",53.42691,-2.951241,37,Queen_Square_Bus_Station,Petherick_Road,"14",outbound,AMSY
23909696,"4720","1095","2026-01-26 16:39:16",53.42811,-2.949801,29,Queen_Square_Bus_Station,Petherick_Road,"14",outbound,AMSY
23911341,"4720","1095","2026-01-26 16:39:46",53.428491,-2.949215,,Queen_Square_Bus_Station,Petherick_Road,"14",outbound,AMSY
23912123,"4720","1095","2026-01-26 16:40:21",53.428711,-2.948635,58,Queen_Square_Bus_Station,Petherick_Road,"14",outbound,AMSY
23912513,"4720","1095","2026-01-26 16:40:26",53.428911,-2.948025,63,Queen_Square_Bus_Station,Petherick_Road,"14",outbound,AMSY
23913297,"4720","1095","2026-01-26 16:40:50",53.429873,-2.945128,52,Queen_Square_Bus_Station,Petherick_Road,"14",outbound,AMSY
23914470,"4720","1095","2026-01-26 16:41:23",53.430176,-2.944448,,Queen_Square_Bus_Station,Petherick_Road,"14",outbound,AMSY
23915643,"4720","1095","2026-01-26 16:41:51",53.430386,-2.943906,57,Queen_Square_Bus_Station,Petherick_Road,"14",outbound,AMSY
23916034,"4720","1095","2026-01-26 16:42:02",53.430938,-2.943115,42,Queen_Square_Bus_Station,Petherick_Road,"14",outbound,AMSY
23916426,"4720","1095","2026-01-26 16:42:14",53.431758,-2.9417,47,Queen_Square_Bus_Station,Petherick_Road,"14",outbound,AMSY
23917991,"4720","1095","2026-01-26 16:42:50",53.432295,-2.940543,69,Queen_Square_Bus_Station,Petherick_Road,"14",outbound,AMSY
23918381,"4720","1095","2026-01-26 16:43:03",53.43312,-2.93925,36,Queen_Square_Bus_Station,Petherick_Road,"14",outbound,AMSY
23919554,"4720","1095","2026-01-26 16:43:30",53.433723,-2.938173,46,Queen_Square_Bus_Station,Petherick_Road,"14",outbound,AMSY
23919939,"4720","1095","2026-01-26 16:43:37",53.434008,-2.937533,60,Queen_Square_Bus_Station,Petherick_Road,"14",outbound,AMSY
23920327,"4720","1095","2026-01-26 16:43:53",53.434606,-2.935416,52,Queen_Square_Bus_Station,Petherick_Road,"14",outbound,AMSY
23921874,"4720","1095","2026-01-26 16:44:37",53.435651,-2.933843,35,Queen_Square_Bus_Station,Petherick_Road,"14",outbound,AMSY
23923424,"4720","1095","2026-01-26 16:45:09",53.436405,-2.933213,18,Queen_Square_Bus_Station,Petherick_Road,"14",outbound,AMSY
23924589,"4720","1095","2026-01-26 16:45:40",53.437123,-2.932808,13,Queen_Square_Bus_Station,Petherick_Road,"14",outbound,AMSY
23925365,"4720","1095","2026-01-26 16:46:05",53.437885,-2.932723,336,Queen_Square_Bus_Station,Petherick_Road,"14",outbound,AMSY
23925754,"4720","1095","2026-01-26 16:46:09",53.437885,-2.932723,336,Queen_Square_Bus_Station,Petherick_Road,"14",outbound,AMSY
23926143,"4720","1095","2026-01-26 16:46:14",53.437885,-2.932723,,Queen_Square_Bus_Station,Petherick_Road,"14",outbound,AMSY
23926927,"4720","1095","2026-01-26 16:46:38",53.43882,-2.93273,353,Queen_Square_Bus_Station,Petherick_Road,"14",outbound,AMSY
23927714,"4720","1095","2026-01-26 16:46:57",53.440828,-2.932671,8,Queen_Square_Bus_Station,Petherick_Road,"14",outbound,AMSY
23928502,"4720","1095","2026-01-26 16:47:15",53.441316,-2.932506,13,Queen_Square_Bus_Station,Petherick_Road,"14",outbound,AMSY
23929676,"4720","1095","2026-01-26 16:47:47",53.441328,-2.932496,,Queen_Square_Bus_Station,Petherick_Road,"14",outbound,AMSY
23930847,"4720","1095","2026-01-26 16:48:18",53.441331,-2.932481,,Queen_Square_Bus_Station,Petherick_Road,"14",outbound,AMSY
23932019,"4720","1095","2026-01-26 16:48:51",53.441381,-2.93245,32,Queen_Square_Bus_Station,Petherick_Road,"14",outbound,AMSY
23932410,"4720","1095","2026-01-26 16:48:57",53.441698,-2.932455,353,Queen_Square_Bus_Station,Petherick_Road,"14",outbound,AMSY
23933586,"4720","1095","2026-01-26 16:49:28",53.441918,-2.93221,170,Queen_Square_Bus_Station,Petherick_Road,"14",outbound,AMSY
23934378,"4720","1095","2026-01-26 16:49:48",53.441595,-2.932133,,Queen_Square_Bus_Station,Petherick_Road,"14",outbound,AMSY
24006685,"4720","1111","2026-01-26 17:20:40",53.40872,-2.982678,,Queen_Square_Bus_Station,Petherick_Road,"14",outbound,AMSY
24007873,"4720","1111","2026-01-26 17:21:07",53.408105,-2.983786,197,Queen_Square_Bus_Station,Petherick_Road,"14",outbound,AMSY
24009052,"4720","1111","2026-01-26 17:21:34",53.407831,-2.984026,161,Queen_Square_Bus_Station,Petherick_Road,"14",outbound,AMSY
24009447,"4720","1111","2026-01-26 17:21:37",53.407713,-2.983735,110,Queen_Square_Bus_Station,Petherick_Road,"14",outbound,AMSY
24009841,"4720","1111","2026-01-26 17:22:08",53.40759,-2.982113,23,Queen_Square_Bus_Station,Petherick_Road,"14",outbound,AMSY
24010629,"4720","1111","2026-01-26 17:22:15",53.40759,-2.982113,,Queen_Square_Bus_Station,Petherick_Road,"14",outbound,AMSY
24011023,"4720","1111","2026-01-26 17:22:19",53.40759,-2.982113,,Queen_Square_Bus_Station,Petherick_Road,"14",outbound,AMSY
24011417,"4720","1111","2026-01-26 17:22:38",53.40759,-2.982113,,Queen_Square_Bus_Station,Petherick_Road,"14",outbound,AMSY
24011813,"4720","1111","2026-01-26 17:22:53",53.40759,-2.982113,,Queen_Square_Bus_Station,Petherick_Road,"14",outbound,AMSY
24012608,"4720","1111","2026-01-26 17:23:01",53.40759,-2.982113,,Queen_Square_Bus_Station,Petherick_Road,"14",outbound,AMSY
24013002,"4720","1111","2026-01-26 17:23:18",53.407588,-2.982128,,Queen_Square_Bus_Station,Petherick_Road,"14",outbound,AMSY
24013795,"4720","1111","2026-01-26 17:23:34",53.407588,-2.982128,,Queen_Square_Bus_Station,Petherick_Road,"14",outbound,AMSY
24014194,"4720","1111","2026-01-26 17:23:46",53.407588,-2.982128,,Queen_Square_Bus_Station,Petherick_Road,"14",outbound,AMSY
24014592,"4720","1111","2026-01-26 17:23:53",53.407588,-2.982128,,Queen_Square_Bus_Station,Petherick_Road,"14",outbound,AMSY
24015386,"4720","1111","2026-01-26 17:24:14",53.407588,-2.982128,,Queen_Square_Bus_Station,Petherick_Road,"14",outbound,AMSY
24015785,"4720","1111","2026-01-26 17:24:28",53.40759,-2.982143,,Queen_Square_Bus_Station,Petherick_Road,"14",outbound,AMSY
24016184,"4720","1111","2026-01-26 17:24:38",53.40759,-2.982143,,Queen_Square_Bus_Station,Petherick_Road,"14",outbound,AMSY
24016583,"4720","1111","2026-01-26 17:24:42",53.40759,-2.982143,,Queen_Square_Bus_Station,Petherick_Road,"14",outbound,AMSY
24016984,"4720","1111","2026-01-26 17:24:57",53.40759,-2.982143,,Queen_Square_Bus_Station,Petherick_Road,"14",outbound,AMSY
24018193,"4720","1111","2026-01-26 17:25:26",53.4076,-2.982125,23,Queen_Square_Bus_Station,Petherick_Road,"14",outbound,AMSY
24019402,"4720","1111","2026-01-26 17:26:00",53.408013,-2.98139,49,Queen_Square_Bus_Station,Petherick_Road,"14",outbound,AMSY
24020619,"4720","1111","2026-01-26 17:26:38",53.407933,-2.98067,,Queen_Square_Bus_Station,Petherick_Road,"14",outbound,AMSY
24022255,"4720","1111","2026-01-26 17:27:15",53.407663,-2.980025,103,Queen_Square_Bus_Station,Petherick_Road,"14",outbound,AMSY
24023476,"4720","1111","2026-01-26 17:27:48",53.409088,-2.978609,11,Queen_Square_Bus_Station,Petherick_Road,"14",outbound,AMSY
24025105,"4720","1111","2026-01-26 17:28:19",53.409198,-2.97856,14,Queen_Square_Bus_Station,Petherick_Road,"14",outbound,AMSY
24026328,"4720","1111","2026-01-26 17:28:52",53.40935,-2.975473,80,Queen_Square_Bus_Station,Petherick_Road,"14",outbound,AMSY
24027547,"4720","1111","2026-01-26 17:29:23",53.409366,-2.975403,,Queen_Square_Bus_Station,Petherick_Road,"14",outbound,AMSY
24029168,"4720","1111","2026-01-26 17:29:56",53.409366,-2.975403,,Queen_Square_Bus_Station,Petherick_Road,"14",outbound,AMSY
24030375,"4720","1111","2026-01-26 17:30:27",53.409336,-2.975331,136,Queen_Square_Bus_Station,Petherick_Road,"14",outbound,AMSY
24030779,"4720","1111","2026-01-26 17:30:42",53.409238,-2.973693,89,Queen_Square_Bus_Station,Petherick_Road,"14",outbound,AMSY
24031184,"4720","1111","2026-01-26 17:30:50",53.409241,-2.973589,66,Queen_Square_Bus_Station,Petherick_Road,"14",outbound,AMSY
24031585,"4720","1111","2026-01-26 17:30:58",53.409271,-2.973575,66,Queen_Square_Bus_Station,Petherick_Road,"14",outbound,AMSY
24031985,"4720","1111","2026-01-26 17:31:07",53.409271,-2.973575,,Queen_Square_Bus_Station,Petherick_Road,"14",outbound,AMSY
24032385,"4720","1111","2026-01-26 17:31:10",53.409271,-2.973575,,Queen_Square_Bus_Station,Petherick_Road,"14",outbound,AMSY
24032786,"4720","1111","2026-01-26 17:31:15",53.409271,-2.973575,,Queen_Square_Bus_Station,Petherick_Road,"14",outbound,AMSY
24033187,"4720","1111","2026-01-26 17:31:38",53.409071,-2.97226,96,Queen_Square_Bus_Station,Petherick_Road,"14",outbound,AMSY
24033990,"4720","1111","2026-01-26 17:32:05",53.409765,-2.970623,51,Queen_Square_Bus_Station,Petherick_Road,"14",outbound,AMSY
24034791,"4720","1111","2026-01-26 17:32:25",53.40993,-2.970233,56,Queen_Square_Bus_Station,Petherick_Road,"14",outbound,AMSY
24035594,"4720","1111","2026-01-26 17:32:41",53.40993,-2.970233,,Queen_Square_Bus_Station,Petherick_Road,"14",outbound,AMSY
24035995,"4720","1111","2026-01-26 17:32:53",53.40993,-2.970233,,Queen_Square_Bus_Station,Petherick_Road,"14",outbound,AMSY
24036799,"4720","1111","2026-01-26 17:33:14",53.41002,-2.969661,71,Queen_Square_Bus_Station,Petherick_Road,"14",outbound,AMSY
24037201,"4720","1111","2026-01-26 17:33:20",53.410133,-2.968903,72,Queen_Square_Bus_Station,Petherick_Road,"14",outbound,AMSY
24038408,"4720","1111","2026-01-26 17:33:53",53.41087,-2.967873,348,Queen_Square_Bus_Station,Petherick_Road,"14",outbound,AMSY
24039607,"4720","1111","2026-01-26 17:34:24",53.410888,-2.967828,,Queen_Square_Bus_Station,Petherick_Road,"14",outbound,AMSY
24041218,"4720","1111","2026-01-26 17:34:57",53.4109,-2.967788,,Queen_Square_Bus_Station,Petherick_Road,"14",outbound,AMSY
24042429,"4720","1111","2026-01-26 17:35:30",53.411183,-2.96785,332,Queen_Square_Bus_Station,Petherick_Road,"14",outbound,AMSY
24043630,"4720","1111","2026-01-26 17:36:01",53.41141,-2.967853,,Queen_Square_Bus_Station,Petherick_Road,"14",outbound,AMSY
24044825,"4720","1111","2026-01-26 17:36:34",53.411501,-2.967864,,Queen_Square_Bus_Station,Petherick_Road,"14",outbound,AMSY
24046021,"4720","1111","2026-01-26 17:37:05",53.411496,-2.9678,,Queen_Square_Bus_Station,Petherick_Road,"14",outbound,AMSY
24046817,"4720","1111","2026-01-26 17:37:20",53.411825,-2.967845,4,Queen_Square_Bus_Station,Petherick_Road,"14",outbound,AMSY
24047213,"4720","1111","2026-01-26 17:37:34",53.412421,-2.966623,55,Queen_Square_Bus_Station,Petherick_Road,"14",outbound,AMSY
24048775,"4720","1111","2026-01-26 17:38:06",53.414206,-2.96267,22,Queen_Square_Bus_Station,Petherick_Road,"14",outbound,AMSY
24049162,"4720","1111","2026-01-26 17:38:19",53.414516,-2.962745,330,Queen_Square_Bus_Station,Petherick_Road,"14",outbound,AMSY
24049546,"4720","1111","2026-01-26 17:38:30",53.414516,-2.962745,330,Queen_Square_Bus_Station,Petherick_Road,"14",outbound,AMSY
24050317,"4720","1111","2026-01-26 17:38:54",53.414988,-2.963273,316,Queen_Square_Bus_Station,Petherick_Road,"14",outbound,AMSY
24051470,"4720","1111","2026-01-26 17:39:23",53.41641,-2.965228,324,Queen_Square_Bus_Station,Petherick_Road,"14",outbound,AMSY
24051856,"4720","1111","2026-01-26 17:39:32",53.417098,-2.966085,319,Queen_Square_Bus_Station,Petherick_Road,"14",outbound,AMSY
24052672,"4720","1111","2026-01-26 17:39:48",53.418323,-2.967403,346,Queen_Square_Bus_Station,Petherick_Road,"14",outbound,AMSY
24053053,"4720","1111","2026-01-26 17:40:11",53.418843,-2.967566,336,Queen_Square_Bus_Station,Petherick_Road,"14",outbound,AMSY
24053436,"4720","1111","2026-01-26 17:40:19",53.418843,-2.967566,,Queen_Square_Bus_Station,Petherick_Road,"14",outbound,AMSY
24053820,"4720","1111","2026-01-26 17:40:32",53.41914,-2.967575,340,Queen_Square_Bus_Station,Petherick_Road,"14",outbound,AMSY
24054208,"4720","1111","2026-01-26 17:40:34",53.419223,-2.967616,339,Queen_Square_Bus_Station,Petherick_Road,"14",outbound,AMSY
24054986,"4720","1111","2026-01-26 17:41:07",53.420521,-2.964674,32,Queen_Square_Bus_Station,Petherick_Road,"14",outbound,AMSY
24056546,"4720","1111","2026-01-26 17:41:39",53.421205,-2.963875,51,Queen_Square_Bus_Station,Petherick_Road,"14",outbound,AMSY
24056937,"4720","1111","2026-01-26 17:41:51",53.421706,-2.962916,55,Queen_Square_Bus_Station,Petherick_Road,"14",outbound,AMSY
24057721,"4720","1111","2026-01-26 17:42:09",53.422381,-2.960156,54,Queen_Square_Bus_Station,Petherick_Road,"14",outbound,AMSY
24058502,"4720","1111","2026-01-26 17:42:34",53.422605,-2.959713,33,Queen_Square_Bus_Station,Petherick_Road,"14",outbound,AMSY
24059282,"4720","1111","2026-01-26 17:42:40",53.422596,-2.959726,,Queen_Square_Bus_Station,Petherick_Road,"14",outbound,AMSY
24059672,"4720","1111","2026-01-26 17:43:03",53.423081,-2.958806,50,Queen_Square_Bus_Station,Petherick_Road,"14",outbound,AMSY
24060455,"4720","1111","2026-01-26 17:43:25",53.424226,-2.955946,55,Queen_Square_Bus_Station,Petherick_Road,"14",outbound,AMSY
24061236,"4720","1111","2026-01-26 17:43:40",53.424383,-2.955271,60,Queen_Square_Bus_Station,Petherick_Road,"14",outbound,AMSY
24061629,"4720","1111","2026-01-26 17:43:47",53.424383,-2.955271,60,Queen_Square_Bus_Station,Petherick_Road,"14",outbound,AMSY
24062807,"4720","1111","2026-01-26 17:44:19",53.42453,-2.954941,45,Queen_Square_Bus_Station,Petherick_Road,"14",outbound,AMSY
24063985,"4720","1111","2026-01-26 17:44:48",53.424633,-2.954553,52,Queen_Square_Bus_Station,Petherick_Road,"14",outbound,AMSY
24064380,"4720","1111","2026-01-26 17:44:55",53.424833,-2.954191,44,Queen_Square_Bus_Station,Petherick_Road,"14",outbound,AMSY
24064774,"4720","1111","2026-01-26 17:45:09",53.425751,-2.952856,38,Queen_Square_Bus_Station,Petherick_Road,"14",outbound,AMSY
24065968,"4720","1111","2026-01-26 17:45:46",53.426476,-2.951945,42,Queen_Square_Bus_Station,Petherick_Road,"14",outbound,AMSY
24066369,"4720","1111","2026-01-26 17:45:50",53.426693,-2.951585,34,Queen_Square_Bus_Station,Petherick_Road,"14",outbound,AMSY
24067572,"4720","1111","2026-01-26 17:46:21",53.426948,-2.951095,,Queen_Square_Bus_Station,Petherick_Road,"14",outbound,AMSY
24068777,"4720","1111","2026-01-26 17:46:56",53.428096,-2.949768,30,Queen_Square_Bus_Station,Petherick_Road,"14",outbound,AMSY
24070376,"4720","1111","2026-01-26 17:47:31",53.428671,-2.94859,59,Queen_Square_Bus_Station,Petherick_Road,"14",outbound,AMSY
24070775,"4720","1111","2026-01-26 17:47:36",53.428871,-2.9481,60,Queen_Square_Bus_Station,Petherick_Road,"14",outbound,AMSY
24071574,"4720","1111","2026-01-26 17:48:04",53.429845,-2.945006,51,Queen_Square_Bus_Station,Petherick_Road,"14",outbound,AMSY
24072375,"4720","1111","2026-01-26 17:48:23",53.430018,-2.944553,50,Queen_Square_Bus_Station,Petherick_Road,"14",outbound,AMSY
24073171,"4720","1111","2026-01-26 17:48:41",53.430346,-2.943841,40,Queen_Square_Bus_Station,Petherick_Road,"14",outbound,AMSY
24073570,"4720","1111","2026-01-26 17:48:45",53.430635,-2.943508,36,Queen_Square_Bus_Station,Petherick_Road,"14",outbound,AMSY
24073970,"4720","1111","2026-01-26 17:49:02",53.431766,-2.941611,47,Queen_Square_Bus_Station,Petherick_Road,"14",outbound,AMSY
24075154,"4720","1111","2026-01-26 17:49:34",53.432406,-2.940051,54,Queen_Square_Bus_Station,Petherick_Road,"14",outbound,AMSY
24075545,"4720","1111","2026-01-26 17:49:42",53.433053,-2.93924,34,Queen_Square_Bus_Station,Petherick_Road,"14",outbound,AMSY
24076711,"4720","1111","2026-01-26 17:50:12",53.433728,-2.938168,50,Queen_Square_Bus_Station,Petherick_Road,"14",outbound,AMSY
24077100,"4720","1111","2026-01-26 17:50:18",53.433875,-2.9378,59,Queen_Square_Bus_Station,Petherick_Road,"14",outbound,AMSY
24078265,"4720","1111","2026-01-26 17:50:51",53.433973,-2.937224,59,Queen_Square_Bus_Station,Petherick_Road,"14",outbound,AMSY
24078652,"4720","1111","2026-01-26 17:51:07",53.434593,-2.935358,51,Queen_Square_Bus_Station,Petherick_Road,"14",outbound,AMSY
24079806,"4720","1111","2026-01-26 17:51:25",53.434938,-2.934906,30,Queen_Square_Bus_Station,Petherick_Road,"14",outbound,AMSY
24080192,"4720","1111","2026-01-26 17:51:43",53.43526,-2.934393,38,Queen_Square_Bus_Station,Petherick_Road,"14",outbound,AMSY
24080580,"4720","1111","2026-01-26 17:51:49",53.435583,-2.933963,38,Queen_Square_Bus_Station,Petherick_Road,"14",outbound,AMSY
24081353,"4720","1111","2026-01-26 17:52:11",53.437368,-2.932705,12,Queen_Square_Bus_Station,Petherick_Road,"14",outbound,AMSY
24082514,"4720","1111","2026-01-26 17:52:43",53.438575,-2.932735,352,Queen_Square_Bus_Station,Petherick_Road,"14",outbound,AMSY
24083669,"4720","1111","2026-01-26 17:53:07",53.440846,-2.932698,3,Queen_Square_Bus_Station,Petherick_Road,"14",outbound,AMSY
24084831,"4720","1111","2026-01-26 17:53:40",53.441696,-2.93262,314,Queen_Square_Bus_Station,Petherick_Road,"14",outbound,AMSY
24085219,"4720","1111","2026-01-26 17:53:57",53.442341,-2.932115,38,Queen_Square_Bus_Station,Petherick_Road,"14",outbound,AMSY
24086766,"4720","1111","2026-01-26 17:54:29",53.442645,-2.930668,64,Queen_Square_Bus_Station,Petherick_Road,"14",outbound,AMSY
24087152,"4720","1111","2026-01-26 17:54:36",53.44287,-2.929945,64,Queen_Square_Bus_Station,Petherick_Road,"14",outbound,AMSY
24087537,"4720","1111","2026-01-26 17:54:50",53.443356,-2.92837,57,Queen_Square_Bus_Station,Petherick_Road,"14",outbound,AMSY
24088692,"4720","1111","2026-01-26 17:55:25",53.443781,-2.927058,64,Queen_Square_Bus_Station,Petherick_Road,"14",outbound,AMSY
24089076,"4720","1111","2026-01-26 17:55:31",53.444023,-2.926248,62,Queen_Square_Bus_Station,Petherick_Road,"14",outbound,AMSY
24090225,"4720","1111","2026-01-26 17:56:04",53.444945,-2.923521,58,Queen_Square_Bus_Station,Petherick_Road,"14",outbound,AMSY
24090608,"4720","1111","2026-01-26 17:56:13",53.444993,-2.923376,57,Queen_Square_Bus_Station,Petherick_Road,"14",outbound,AMSY
24091764,"4720","1111","2026-01-26 17:56:42",53.445393,-2.922015,59,Queen_Square_Bus_Station,Petherick_Road,"14",outbound,AMSY
24092151,"4720","1111","2026-01-26 17:56:45",53.445526,-2.921681,57,Queen_Square_Bus_Station,Petherick_Road,"14",outbound,AMSY
24092537,"4720","1111","2026-01-26 17:57:05",53.446671,-2.919228,48,Queen_Square_Bus_Station,Petherick_Road,"14",outbound,AMSY
24094087,"4720","1111","2026-01-26 17:57:38",53.446808,-2.91904,,Queen_Square_Bus_Station,Petherick_Road,"14",outbound,AMSY
24095264,"4720","1111","2026-01-26 17:58:08",53.446988,-2.918525,49,Queen_Square_Bus_Station,Petherick_Road,"14",outbound,AMSY
24095651,"4720","1111","2026-01-26 17:58:26",53.447188,-2.917961,55,Queen_Square_Bus_Station,Petherick_Road,"14",outbound,AMSY
24096033,"4720","1111","2026-01-26 17:58:31",53.447328,-2.917538,52,Queen_Square_Bus_Station,Petherick_Road,"14",outbound,AMSY
24097184,"4720","1111","2026-01-26 17:59:03",53.448281,-2.915383,52,Queen_Square_Bus_Station,Petherick_Road,"14",outbound,AMSY
24098327,"4720","1111","2026-01-26 17:59:25",53.448616,-2.914673,56,Queen_Square_Bus_Station,Petherick_Road,"14",outbound,AMSY
24099468,"4720","1111","2026-01-26 17:59:56",53.448681,-2.914595,,Queen_Square_Bus_Station,Petherick_Road,"14",outbound,AMSY
24100612,"4720","1111","2026-01-26 18:00:29",53.448681,-2.914595,,Queen_Square_Bus_Station,Petherick_Road,"14",outbound,AMSY
24101754,"4720","1111","2026-01-26 18:01:02",53.448681,-2.914595,,Queen_Square_Bus_Station,Petherick_Road,"14",outbound,AMSY
24102896,"4720","1111","2026-01-26 18:01:33",53.448681,-2.914595,,Queen_Square_Bus_Station,Petherick_Road,"14",outbound,AMSY
24104036,"4720","1111","2026-01-26 18:02:04",53.448996,-2.913921,54,Queen_Square_Bus_Station,Petherick_Road,"14",outbound,AMSY
24104414,"4720","1111","2026-01-26 18:02:08",53.449148,-2.913423,63,Queen_Square_Bus_Station,Petherick_Road,"14",outbound,AMSY
24105165,"4720","1111","2026-01-26 18:02:38",53.450428,-2.910345,53,Queen_Square_Bus_Station,Petherick_Road,"14",outbound,AMSY
24106649,"4720","1111","2026-01-26 18:03:11",53.451083,-2.909201,50,Queen_Square_Bus_Station,Petherick_Road,"14",outbound,AMSY
24107019,"4720","1111","2026-01-26 18:03:19",53.451385,-2.908431,52,Queen_Square_Bus_Station,Petherick_Road,"14",outbound,AMSY
24107388,"4720","1111","2026-01-26 18:03:32",53.451958,-2.906921,54,Queen_Square_Bus_Station,Petherick_Road,"14",outbound,AMSY
24108499,"4720","1111","2026-01-26 18:04:04",53.452525,-2.905446,49,Queen_Square_Bus_Station,Petherick_Road,"14",outbound,AMSY
24109981,"4720","1111","2026-01-26 18:04:36",53.45264,-2.905201,,Queen_Square_Bus_Station,Petherick_Road,"14",outbound,AMSY
24111084,"4720","1111","2026-01-26 18:05:09",53.45269,-2.905135,64,Queen_Square_Bus_Station,Petherick_Road,"14",outbound,AMSY
24111823,"4720","1111","2026-01-26 18:05:25",53.453103,-2.90381,79,Queen_Square_Bus_Station,Petherick_Road,"14",outbound,AMSY
24112922,"4720","1111","2026-01-26 18:05:58",53.453153,-2.903105,,Queen_Square_Bus_Station,Petherick_Road,"14",outbound,AMSY
24113289,"4720","1111","2026-01-26 18:06:15",53.453326,-2.901551,80,Queen_Square_Bus_Station,Petherick_Road,"14",outbound,AMSY
24114031,"4720","1111","2026-01-26 18:06:28",53.453935,-2.899731,45,Queen_Square_Bus_Station,Petherick_Road,"14",outbound,AMSY
24114403,"4720","1111","2026-01-26 18:06:42",53.455066,-2.898735,22,Queen_Square_Bus_Station,Petherick_Road,"14",outbound,AMSY
24114775,"4720","1111","2026-01-26 18:06:51",53.455861,-2.898225,22,Queen_Square_Bus_Station,Petherick_Road,"14",outbound,AMSY
24115894,"4720","1111","2026-01-26 18:07:25",53.457061,-2.896435,19,Queen_Square_Bus_Station,Petherick_Road,"14",outbound,AMSY
24117011,"4720","1111","2026-01-26 18:07:57",53.458043,-2.895693,28,Queen_Square_Bus_Station,Petherick_Road,"14",outbound,AMSY
24118129,"4720","1111","2026-01-26 18:08:14",53.459218,-2.894838,23,Queen_Square_Bus_Station,Petherick_Road,"14",outbound,AMSY
24118871,"4720","1111","2026-01-26 18:08:47",53.460213,-2.893983,31,Queen_Square_Bus_Station,Petherick_Road,"14",outbound,AMSY
24119989,"4720","1111","2026-01-26 18:09:19",53.46167,-2.894815,338,Queen_Square_Bus_Station,Petherick_Road,"14",outbound,AMSY
24121490,"4720","1111","2026-01-26 18:09:50",53.462125,-2.895156,,Queen_Square_Bus_Station,Petherick_Road,"14",outbound,AMSY
24122615,"4720","1111","2026-01-26 18:10:23",53.462121,-2.895126,,Queen_Square_Bus_Station,Petherick_Road,"14",outbound,AMSY
24123363,"4720","1111","2026-01-26 18:10:34",53.462115,-2.895115,,Queen_Square_Bus_Station,Petherick_Road,"14",outbound,AMSY
24124479,"4720","1111","2026-01-26 18:11:06",53.462115,-2.895115,,Queen_Square_Bus_Station,Petherick_Road,"14",outbound,AMSY
24124852,"4720","1111","2026-01-26 18:11:25",53.462305,-2.895841,247,Queen_Square_Bus_Station,Petherick_Road,"14",outbound,AMSY
24125958,"4720","1111","2026-01-26 18:11:58",53.461821,-2.894925,161,Queen_Square_Bus_Station,Petherick_Road,"14",outbound,AMSY
23921490,"4722","1103","2026-01-26 16:44:05",53.40805,-2.984461,,Queen_Square_Bus_Station,Petherick_Road,"14",outbound,AMSY
23921875,"4722","1103","2026-01-26 16:44:29",53.40806,-2.984458,,Queen_Square_Bus_Station,Petherick_Road,"14",outbound,AMSY
23923425,"4722","1103","2026-01-26 16:45:02",53.40851,-2.98406,47,Queen_Square_Bus_Station,Petherick_Road,"14",outbound,AMSY
23923813,"4722","1103","2026-01-26 16:45:11",53.408848,-2.983105,54,Queen_Square_Bus_Station,Petherick_Road,"14",outbound,AMSY
23924590,"4722","1103","2026-01-26 16:45:44",53.409126,-2.98255,3,Queen_Square_Bus_Station,Petherick_Road,"14",outbound,AMSY
23926144,"4722","1103","2026-01-26 16:46:17",53.409271,-2.982693,316,Queen_Square_Bus_Station,Petherick_Road,"14",outbound,AMSY
23927322,"4722","1103","2026-01-26 16:46:50",53.410835,-2.982671,12,Queen_Square_Bus_Station,Petherick_Road,"14",outbound,AMSY
23928503,"4722","1103","2026-01-26 16:47:23",53.4108,-2.982598,,Queen_Square_Bus_Station,Petherick_Road,"14",outbound,AMSY
23930067,"4722","1103","2026-01-26 16:47:56",53.411163,-2.981496,123,Queen_Square_Bus_Station,Petherick_Road,"14",outbound,AMSY
23931238,"4722","1103","2026-01-26 16:48:29",53.411228,-2.977681,58,Queen_Square_Bus_Station,Petherick_Road,"14",outbound,AMSY
23932411,"4722","1103","2026-01-26 16:49:02",53.411276,-2.977383,72,Queen_Square_Bus_Station,Petherick_Road,"14",outbound,AMSY
23933982,"4722","1103","2026-01-26 16:49:35",53.411811,-2.972838,82,Queen_Square_Bus_Station,Petherick_Road,"14",outbound,AMSY
23935169,"4722","1103","2026-01-26 16:50:08",53.411993,-2.968853,86,Queen_Square_Bus_Station,Petherick_Road,"14",outbound,AMSY
23935565,"4722","1103","2026-01-26 16:50:21",53.411996,-2.967975,83,Queen_Square_Bus_Station,Petherick_Road,"14",outbound,AMSY
23936356,"4722","1103","2026-01-26 16:50:42",53.412066,-2.967221,65,Queen_Square_Bus_Station,Petherick_Road,"14",outbound,AMSY
23937150,"4722","1103","2026-01-26 16:50:59",53.412341,-2.966576,54,Queen_Square_Bus_Station,Petherick_Road,"14",outbound,AMSY
23938339,"4722","1103","2026-01-26 16:51:32",53.412756,-2.965455,57,Queen_Square_Bus_Station,Petherick_Road,"14",outbound,AMSY
23939523,"4722","1103","2026-01-26 16:52:05",53.413311,-2.964345,48,Queen_Square_Bus_Station,Petherick_Road,"14",outbound,AMSY
23941089,"4722","1103","2026-01-26 16:52:39",53.4142,-2.962723,27,Queen_Square_Bus_Station,Petherick_Road,"14",outbound,AMSY
23941479,"4722","1103","2026-01-26 16:52:51",53.415031,-2.963273,322,Queen_Square_Bus_Station,Petherick_Road,"14",outbound,AMSY
23942650,"4722","1103","2026-01-26 16:53:24",53.415378,-2.963675,,Queen_Square_Bus_Station,Petherick_Road,"14",outbound,AMSY
23944215,"4722","1103","2026-01-26 16:53:57",53.416398,-2.964993,323,Queen_Square_Bus_Station,Petherick_Road,"14",outbound,AMSY
23944606,"4722","1103","2026-01-26 16:54:07",53.417185,-2.965968,321,Queen_Square_Bus_Station,Petherick_Road,"14",outbound,AMSY
23945389,"4722","1103","2026-01-26 16:54:23",53.418408,-2.967378,346,Queen_Square_Bus_Station,Petherick_Road,"14",outbound,AMSY
23945780,"4722","1103","2026-01-26 16:54:34",53.419246,-2.96774,344,Queen_Square_Bus_Station,Petherick_Road,"14",outbound,AMSY
23946958,"4722","1103","2026-01-26 16:55:17",53.421228,-2.96386,37,Queen_Square_Bus_Station,Petherick_Road,"14",outbound,AMSY
23948532,"4722","1103","2026-01-26 16:55:48",53.422313,-2.960656,66,Queen_Square_Bus_Station,Petherick_Road,"14",outbound,AMSY
23949716,"4722","1103","2026-01-26 16:56:21",53.422316,-2.96056,,Queen_Square_Bus_Station,Petherick_Road,"14",outbound,AMSY
23950910,"4722","1103","2026-01-26 16:56:44",53.422408,-2.960223,60,Queen_Square_Bus_Station,Petherick_Road,"14",outbound,AMSY
23951309,"4722","1103","2026-01-26 16:56:56",53.423003,-2.958986,52,Queen_Square_Bus_Station,Petherick_Road,"14",outbound,AMSY
23952100,"4722","1103","2026-01-26 16:57:19",53.424201,-2.955861,57,Queen_Square_Bus_Station,Petherick_Road,"14",outbound,AMSY
23952495,"4722","1103","2026-01-26 16:57:28",53.424703,-2.954641,57,Queen_Square_Bus_Station,Petherick_Road,"14",outbound,AMSY
23953282,"4722","1103","2026-01-26 16:57:46",53.425745,-2.952806,39,Queen_Square_Bus_Station,Petherick_Road,"14",outbound,AMSY
23953676,"4722","1103","2026-01-26 16:57:59",53.426456,-2.951878,38,Queen_Square_Bus_Station,Petherick_Road,"14",outbound,AMSY
23954850,"4722","1103","2026-01-26 16:58:30",53.42671,-2.951556,,Queen_Square_Bus_Station,Petherick_Road,"14",outbound,AMSY
23956026,"4722","1103","2026-01-26 16:59:03",53.426901,-2.951403,39,Queen_Square_Bus_Station,Petherick_Road,"14",outbound,AMSY
23957602,"4722","1103","2026-01-26 16:59:36",53.428025,-2.949971,21,Queen_Square_Bus_Station,Petherick_Road,"14",outbound,AMSY
23958687,"4722","1103","2026-01-26 17:00:09",53.428025,-2.949971,,Queen_Square_Bus_Station,Petherick_Road,"14",outbound,AMSY
23959480,"4722","1103","2026-01-26 17:00:33",53.428736,-2.948688,53,Queen_Square_Bus_Station,Petherick_Road,"14",outbound,AMSY
23960673,"4722","1103","2026-01-26 17:01:05",53.429916,-2.945166,54,Queen_Square_Bus_Station,Petherick_Road,"14",outbound,AMSY
23961865,"4722","1103","2026-01-26 17:01:20",53.430466,-2.944015,50,Queen_Square_Bus_Station,Petherick_Road,"14",outbound,AMSY
23962264,"4722","1103","2026-01-26 17:01:47",53.432361,-2.94057,58,Queen_Square_Bus_Station,Petherick_Road,"14",outbound,AMSY
23963062,"4722","1103","2026-01-26 17:01:58",53.433163,-2.93922,39,Queen_Square_Bus_Station,Petherick_Road,"14",outbound,AMSY
23963457,"4722","1103","2026-01-26 17:02:07",53.433746,-2.938235,48,Queen_Square_Bus_Station,Petherick_Road,"14",outbound,AMSY
23964648,"4722","1103","2026-01-26 17:02:40",53.434355,-2.936208,64,Queen_Square_Bus_Station,Petherick_Road,"14",outbound,AMSY
23965043,"4722","1103","2026-01-26 17:02:46",53.434586,-2.935486,57,Queen_Square_Bus_Station,Petherick_Road,"14",outbound,AMSY
23965441,"4722","1103","2026-01-26 17:02:58",53.435248,-2.93444,37,Queen_Square_Bus_Station,Petherick_Road,"14",outbound,AMSY
23966636,"4722","1103","2026-01-26 17:03:31",53.436648,-2.933093,21,Queen_Square_Bus_Station,Petherick_Road,"14",outbound,AMSY
23967037,"4722","1103","2026-01-26 17:03:38",53.437335,-2.932755,13,Queen_Square_Bus_Station,Petherick_Road,"14",outbound,AMSY
23967438,"4722","1103","2026-01-26 17:03:48",53.438233,-2.932673,355,Queen_Square_Bus_Station,Petherick_Road,"14",outbound,AMSY
23968632,"4722","1103","2026-01-26 17:04:23",53.441335,-2.932693,,Queen_Square_Bus_Station,Petherick_Road,"14",outbound,AMSY
23972169,"4722","1103","2026-01-26 17:05:55",53.441731,-2.932633,325,Queen_Square_Bus_Station,Petherick_Road,"14",outbound,AMSY
23973347,"4722","1103","2026-01-26 17:06:21",53.442448,-2.932125,51,Queen_Square_Bus_Station,Petherick_Road,"14",outbound,AMSY
23974533,"4722","1103","2026-01-26 17:06:53",53.442593,-2.931308,51,Queen_Square_Bus_Station,Petherick_Road,"14",outbound,AMSY
23976121,"4722","1103","2026-01-26 17:07:28",53.442728,-2.930688,73,Queen_Square_Bus_Station,Petherick_Road,"14",outbound,AMSY
23976517,"4722","1103","2026-01-26 17:07:36",53.443028,-2.929785,59,Queen_Square_Bus_Station,Petherick_Road,"14",outbound,AMSY
23976909,"4722","1103","2026-01-26 17:07:49",53.443435,-2.928435,58,Queen_Square_Bus_Station,Petherick_Road,"14",outbound,AMSY
23977301,"4722","1103","2026-01-26 17:08:01",53.443763,-2.92755,43,Queen_Square_Bus_Station,Petherick_Road,"14",outbound,AMSY
23978083,"4722","1103","2026-01-26 17:08:22",53.444098,-2.92628,60,Queen_Square_Bus_Station,Petherick_Road,"14",outbound,AMSY
23979255,"4722","1103","2026-01-26 17:08:47",53.445023,-2.923451,62,Queen_Square_Bus_Station,Petherick_Road,"14",outbound,AMSY
23979648,"4722","1103","2026-01-26 17:08:56",53.445456,-2.922118,58,Queen_Square_Bus_Station,Petherick_Road,"14",outbound,AMSY
23980428,"4722","1103","2026-01-26 17:09:17",53.44668,-2.919263,55,Queen_Square_Bus_Station,Petherick_Road,"14",outbound,AMSY
23981612,"4722","1103","2026-01-26 17:09:49",53.446788,-2.919036,,Queen_Square_Bus_Station,Petherick_Road,"14",outbound,AMSY
23982002,"4722","1103","2026-01-26 17:10:10",53.447051,-2.918425,59,Queen_Square_Bus_Station,Petherick_Road,"14",outbound,AMSY
23982781,"4722","1103","2026-01-26 17:10:32",53.447241,-2.917991,56,Queen_Square_Bus_Station,Petherick_Road,"14",outbound,AMSY
23983933,"4722","1103","2026-01-26 17:11:04",53.448428,-2.915281,50,Queen_Square_Bus_Station,Petherick_Road,"14",outbound,AMSY
23985477,"4722","1103","2026-01-26 17:11:37",53.448445,-2.915308,,Queen_Square_Bus_Station,Petherick_Road,"14",outbound,AMSY
23987019,"4722","1103","2026-01-26 17:12:10",53.448458,-2.915278,,Queen_Square_Bus_Station,Petherick_Road,"14",outbound,AMSY
23987791,"4722","1103","2026-01-26 17:12:43",53.448486,-2.915203,,Queen_Square_Bus_Station,Petherick_Road,"14",outbound,AMSY
23988563,"4722","1103","2026-01-26 17:12:57",53.448658,-2.914728,55,Queen_Square_Bus_Station,Petherick_Road,"14",outbound,AMSY
23988952,"4722","1103","2026-01-26 17:13:10",53.449168,-2.913495,63,Queen_Square_Bus_Station,Petherick_Road,"14",outbound,AMSY
23990129,"4722","1103","2026-01-26 17:13:38",53.450526,-2.910415,53,Queen_Square_Bus_Station,Petherick_Road,"14",outbound,AMSY
23990520,"4722","1103","2026-01-26 17:13:50",53.451041,-2.909238,54,Queen_Square_Bus_Station,Petherick_Road,"14",outbound,AMSY
23991302,"4722","1103","2026-01-26 17:14:10",53.45197,-2.906936,55,Queen_Square_Bus_Station,Petherick_Road,"14",outbound,AMSY
23991694,"4722","1103","2026-01-26 17:14:21",53.452458,-2.90575,54,Queen_Square_Bus_Station,Petherick_Road,"14",outbound,AMSY
23992874,"4722","1103","2026-01-26 17:14:53",53.452795,-2.904928,,Queen_Square_Bus_Station,Petherick_Road,"14",outbound,AMSY
23994457,"4722","1103","2026-01-26 17:15:26",53.452795,-2.904928,,Queen_Square_Bus_Station,Petherick_Road,"14",outbound,AMSY
23994856,"4722","1103","2026-01-26 17:15:40",53.453123,-2.903775,80,Queen_Square_Bus_Station,Petherick_Road,"14",outbound,AMSY
23996037,"4722","1103","2026-01-26 17:16:13",53.453296,-2.90162,79,Queen_Square_Bus_Station,Petherick_Road,"14",outbound,AMSY
23996428,"4722","1103","2026-01-26 17:16:27",53.453995,-2.899763,37,Queen_Square_Bus_Station,Petherick_Road,"14",outbound,AMSY
23997207,"4722","1103","2026-01-26 17:16:41",53.455116,-2.898895,22,Queen_Square_Bus_Station,Petherick_Road,"14",outbound,AMSY
23997597,"4722","1103","2026-01-26 17:16:51",53.455866,-2.898321,22,Queen_Square_Bus_Station,Petherick_Road,"14",outbound,AMSY
23998779,"4722","1103","2026-01-26 17:17:23",53.456785,-2.897223,118,Queen_Square_Bus_Station,Petherick_Road,"14",outbound,AMSY
23999565,"4722","1103","2026-01-26 17:17:42",53.457888,-2.895798,22,Queen_Square_Bus_Station,Petherick_Road,"14",outbound,AMSY
24000352,"4722","1103","2026-01-26 17:17:54",53.459181,-2.89497,19,Queen_Square_Bus_Station,Petherick_Road,"14",outbound,AMSY
24001144,"4722","1103","2026-01-26 17:18:19",53.460023,-2.894341,29,Queen_Square_Bus_Station,Petherick_Road,"14",outbound,AMSY
24001543,"4722","1103","2026-01-26 17:18:24",53.460341,-2.894018,28,Queen_Square_Bus_Station,Petherick_Road,"14",outbound,AMSY
24002735,"4722","1103","2026-01-26 17:18:57",53.461031,-2.893911,292,Queen_Square_Bus_Station,Petherick_Road,"14",outbound,AMSY
24003131,"4722","1103","2026-01-26 17:19:10",53.461665,-2.894915,337,Queen_Square_Bus_Station,Petherick_Road,"14",outbound,AMSY
24003525,"4722","1103","2026-01-26 17:19:14",53.461918,-2.895065,,Queen_Square_Bus_Station,Petherick_Road,"14",outbound,AMSY
24124853,"4722","1119","2026-01-26 18:11:18",53.407923,-2.98385,,Queen_Square_Bus_Station,Petherick_Road,"14",outbound,AMSY
24125593,"4722","1119","2026-01-26 18:11:35",53.407815,-2.98389,220,Queen_Square_Bus_Station,Petherick_Road,"14",outbound,AMSY
24125959,"4722","1119","2026-01-26 18:11:53",53.407508,-2.98336,104,Queen_Square_Bus_Station,Petherick_Road,"14",outbound,AMSY
24127429,"4722","1119","2026-01-26 18:12:26",53.407573,-2.98228,28,Queen_Square_Bus_Station,Petherick_Road,"14",outbound,AMSY
24128533,"4722","1119","2026-01-26 18:12:59",53.407655,-2.98228,,Queen_Square_Bus_Station,Petherick_Road,"14",outbound,AMSY
24129631,"4722","1119","2026-01-26 18:13:30",53.40775,-2.981828,51,Queen_Square_Bus_Station,Petherick_Road,"14",outbound,AMSY
24130364,"4722","1119","2026-01-26 18:13:53",53.407925,-2.981341,51,Queen_Square_Bus_Station,Petherick_Road,"14",outbound,AMSY
24130733,"4722","1119","2026-01-26 18:14:01",53.4079,-2.980721,101,Queen_Square_Bus_Station,Petherick_Road,"14",outbound,AMSY
24131834,"4722","1119","2026-01-26 18:14:34",53.4078,-2.980446,,Queen_Square_Bus_Station,Petherick_Road,"14",outbound,AMSY
24133273,"4722","1119","2026-01-26 18:15:05",53.407748,-2.980226,118,Queen_Square_Bus_Station,Petherick_Road,"14",outbound,AMSY
24134347,"4722","1119","2026-01-26 18:15:38",53.408636,-2.978613,32,Queen_Square_Bus_Station,Petherick_Road,"14",outbound,AMSY
24135428,"4722","1119","2026-01-26 18:16:11",53.408971,-2.978666,,Queen_Square_Bus_Station,Petherick_Road,"14",outbound,AMSY
24136855,"4722","1119","2026-01-26 18:16:44",53.409406,-2.977735,87,Queen_Square_Bus_Station,Petherick_Road,"14",outbound,AMSY
24137924,"4722","1119","2026-01-26 18:17:17",53.409348,-2.975551,95,Queen_Square_Bus_Station,Petherick_Road,"14",outbound,AMSY
24138999,"4722","1119","2026-01-26 18:17:50",53.409313,-2.975373,120,Queen_Square_Bus_Station,Petherick_Road,"14",outbound,AMSY
24139714,"4722","1119","2026-01-26 18:18:07",53.40927,-2.973661,94,Queen_Square_Bus_Station,Petherick_Road,"14",outbound,AMSY
24140072,"4722","1119","2026-01-26 18:18:18",53.409296,-2.97332,101,Queen_Square_Bus_Station,Petherick_Road,"14",outbound,AMSY
24140429,"4722","1119","2026-01-26 18:18:21",53.409306,-2.973325,101,Queen_Square_Bus_Station,Petherick_Road,"14",outbound,AMSY
24141147,"4722","1119","2026-01-26 18:18:48",53.40917,-2.97275,83,Queen_Square_Bus_Station,Petherick_Road,"14",outbound,AMSY
24142225,"4722","1119","2026-01-26 18:19:21",53.409153,-2.972596,,Queen_Square_Bus_Station,Petherick_Road,"14",outbound,AMSY
23828673,"4733","1099","2026-01-26 16:04:43",53.40762,-2.981753,225,Queen_Square_Bus_Station,Petherick_Road,"14",outbound,AMSY
23829861,"4733","1099","2026-01-26 16:05:15",53.407463,-2.983575,279,Queen_Square_Bus_Station,Petherick_Road,"14",outbound,AMSY
23831448,"4733","1099","2026-01-26 16:05:48",53.407543,-2.983811,,Queen_Square_Bus_Station,Petherick_Road,"14",outbound,AMSY
23832646,"4733","1099","2026-01-26 16:06:18",53.407903,-2.984266,332,Queen_Square_Bus_Station,Petherick_Road,"14",outbound,AMSY
23833839,"4733","1099","2026-01-26 16:06:51",53.408333,-2.983543,211,Queen_Square_Bus_Station,Petherick_Road,"14",outbound,AMSY
23835417,"4733","1099","2026-01-26 16:07:33",53.407743,-2.983711,100,Queen_Square_Bus_Station,Petherick_Road,"14",outbound,AMSY
23836989,"4733","1099","2026-01-26 16:08:04",53.407735,-2.983466,,Queen_Square_Bus_Station,Petherick_Road,"14",outbound,AMSY
23838166,"4733","1099","2026-01-26 16:08:37",53.407708,-2.981898,54,Queen_Square_Bus_Station,Petherick_Road,"14",outbound,AMSY
23839333,"4733","1099","2026-01-26 16:09:10",53.407876,-2.981486,,Queen_Square_Bus_Station,Petherick_Road,"14",outbound,AMSY
23840883,"4733","1099","2026-01-26 16:09:51",53.407946,-2.981331,50,Queen_Square_Bus_Station,Petherick_Road,"14",outbound,AMSY
23842042,"4733","1099","2026-01-26 16:10:22",53.40787,-2.980271,106,Queen_Square_Bus_Station,Petherick_Road,"14",outbound,AMSY
23843590,"4733","1099","2026-01-26 16:10:55",53.40787,-2.980271,,Queen_Square_Bus_Station,Petherick_Road,"14",outbound,AMSY
23844377,"4733","1099","2026-01-26 16:11:26",53.40859,-2.978896,17,Queen_Square_Bus_Station,Petherick_Road,"14",outbound,AMSY
23845956,"4733","1099","2026-01-26 16:11:59",53.409198,-2.978578,,Queen_Square_Bus_Station,Petherick_Road,"14",outbound,AMSY
23847139,"4733","1099","2026-01-26 16:12:32",53.409463,-2.97817,81,Queen_Square_Bus_Station,Petherick_Road,"14",outbound,AMSY
23848312,"4733","1099","2026-01-26 16:13:05",53.409386,-2.975546,86,Queen_Square_Bus_Station,Petherick_Road,"14",outbound,AMSY
23849877,"4733","1099","2026-01-26 16:13:38",53.409343,-2.975528,,Queen_Square_Bus_Station,Petherick_Road,"14",outbound,AMSY
23851043,"4733","1099","2026-01-26 16:14:10",53.409366,-2.973653,97,Queen_Square_Bus_Station,Petherick_Road,"14",outbound,AMSY
23851820,"4733","1099","2026-01-26 16:14:26",53.409108,-2.972196,95,Queen_Square_Bus_Station,Petherick_Road,"14",outbound,AMSY
23852993,"4733","1099","2026-01-26 16:14:59",53.408953,-2.971981,,Queen_Square_Bus_Station,Petherick_Road,"14",outbound,AMSY
23854169,"4733","1099","2026-01-26 16:15:32",53.40896,-2.970658,94,Queen_Square_Bus_Station,Petherick_Road,"14",outbound,AMSY
23855738,"4733","1099","2026-01-26 16:16:09",53.409718,-2.970636,47,Queen_Square_Bus_Station,Petherick_Road,"14",outbound,AMSY
23856906,"4733","1099","2026-01-26 16:16:41",53.409958,-2.969981,58,Queen_Square_Bus_Station,Petherick_Road,"14",outbound,AMSY
23857290,"4733","1099","2026-01-26 16:16:51",53.409958,-2.969981,,Queen_Square_Bus_Station,Petherick_Road,"14",outbound,AMSY
23858054,"4733","1099","2026-01-26 16:17:03",53.410015,-2.969728,65,Queen_Square_Bus_Station,Petherick_Road,"14",outbound,AMSY
23859197,"4733","1099","2026-01-26 16:17:35",53.4101,-2.969413,,Queen_Square_Bus_Station,Petherick_Road,"14",outbound,AMSY
23860353,"4733","1099","2026-01-26 16:18:09",53.410283,-2.968696,68,Queen_Square_Bus_Station,Petherick_Road,"14",outbound,AMSY
23861515,"4733","1099","2026-01-26 16:18:41",53.410316,-2.968496,,Queen_Square_Bus_Station,Petherick_Road,"14",outbound,AMSY
23862688,"4733","1099","2026-01-26 16:19:14",53.410316,-2.968496,,Queen_Square_Bus_Station,Petherick_Road,"14",outbound,AMSY
23864246,"4733","1099","2026-01-26 16:19:47",53.410505,-2.96779,59,Queen_Square_Bus_Station,Petherick_Road,"14",outbound,AMSY
23865405,"4733","1099","2026-01-26 16:20:20",53.41099,-2.96764,332,Queen_Square_Bus_Station,Petherick_Road,"14",outbound,AMSY
23866964,"4733","1099","2026-01-26 16:20:53",53.41099,-2.96764,,Queen_Square_Bus_Station,Petherick_Road,"14",outbound,AMSY
23867744,"4733","1099","2026-01-26 16:21:23",53.411818,-2.967823,17,Queen_Square_Bus_Station,Petherick_Road,"14",outbound,AMSY
23869319,"4733","1099","2026-01-26 16:21:56",53.412158,-2.966915,48,Queen_Square_Bus_Station,Petherick_Road,"14",outbound,AMSY
23869717,"4733","1099","2026-01-26 16:22:03",53.41219,-2.966863,43,Queen_Square_Bus_Station,Petherick_Road,"14",outbound,AMSY
23870116,"4733","1099","2026-01-26 16:22:23",53.412326,-2.966525,55,Queen_Square_Bus_Station,Petherick_Road,"14",outbound,AMSY
23870515,"4733","1099","2026-01-26 16:22:30",53.412568,-2.965941,55,Queen_Square_Bus_Station,Petherick_Road,"14",outbound,AMSY
23871715,"4733","1099","2026-01-26 16:23:00",53.414196,-2.962663,40,Queen_Square_Bus_Station,Petherick_Road,"14",outbound,AMSY
23872512,"4733","1099","2026-01-26 16:23:12",53.41451,-2.962703,19,Queen_Square_Bus_Station,Petherick_Road,"14",outbound,AMSY
23872910,"4733","1099","2026-01-26 16:23:32",53.415116,-2.96336,316,Queen_Square_Bus_Station,Petherick_Road,"14",outbound,AMSY
23874115,"4733","1099","2026-01-26 16:24:03",53.415203,-2.963468,,Queen_Square_Bus_Station,Petherick_Road,"14",outbound,AMSY
23875308,"4733","1099","2026-01-26 16:24:34",53.415201,-2.963456,,Queen_Square_Bus_Station,Petherick_Road,"14",outbound,AMSY
23876485,"4733","1099","2026-01-26 16:24:55",53.416451,-2.965083,322,Queen_Square_Bus_Station,Petherick_Road,"14",outbound,AMSY
23877267,"4733","1099","2026-01-26 16:25:22",53.416753,-2.96559,326,Queen_Square_Bus_Station,Petherick_Road,"14",outbound,AMSY
23877657,"4733","1099","2026-01-26 16:25:27",53.416753,-2.96559,,Queen_Square_Bus_Station,Petherick_Road,"14",outbound,AMSY
23878435,"4733","1099","2026-01-26 16:25:48",53.417191,-2.966101,317,Queen_Square_Bus_Station,Petherick_Road,"14",outbound,AMSY
23878825,"4733","1099","2026-01-26 16:26:05",53.418403,-2.967351,345,Queen_Square_Bus_Station,Petherick_Road,"14",outbound,AMSY
23879600,"4733","1099","2026-01-26 16:26:16",53.419226,-2.96759,346,Queen_Square_Bus_Station,Petherick_Road,"14",outbound,AMSY
23880764,"4733","1099","2026-01-26 16:26:49",53.420506,-2.964655,33,Queen_Square_Bus_Station,Petherick_Road,"14",outbound,AMSY
23881152,"4733","1099","2026-01-26 16:27:00",53.421228,-2.963855,39,Queen_Square_Bus_Station,Petherick_Road,"14",outbound,AMSY
23882320,"4733","1099","2026-01-26 16:27:31",53.421961,-2.962196,64,Queen_Square_Bus_Station,Petherick_Road,"14",outbound,AMSY
23883491,"4733","1099","2026-01-26 16:28:00",53.422421,-2.96014,59,Queen_Square_Bus_Station,Petherick_Road,"14",outbound,AMSY
23883884,"4733","1099","2026-01-26 16:28:10",53.422955,-2.95907,49,Queen_Square_Bus_Station,Petherick_Road,"14",outbound,AMSY
23885454,"4733","1099","2026-01-26 16:28:48",53.424221,-2.955903,54,Queen_Square_Bus_Station,Petherick_Road,"14",outbound,AMSY
23886640,"4733","1099","2026-01-26 16:29:19",53.424461,-2.955143,62,Queen_Square_Bus_Station,Petherick_Road,"14",outbound,AMSY
23887828,"4733","1099","2026-01-26 16:29:47",53.42467,-2.954603,53,Queen_Square_Bus_Station,Petherick_Road,"14",outbound,AMSY
23888221,"4733","1099","2026-01-26 16:29:52",53.424798,-2.954361,47,Queen_Square_Bus_Station,Petherick_Road,"14",outbound,AMSY
23889402,"4733","1099","2026-01-26 16:30:23",53.425126,-2.953685,44,Queen_Square_Bus_Station,Petherick_Road,"14",outbound,AMSY
23890587,"4733","1099","2026-01-26 16:30:56",53.42552,-2.953073,36,Queen_Square_Bus_Station,Petherick_Road,"14",outbound,AMSY
23890980,"4733","1099","2026-01-26 16:31:06",53.425705,-2.95278,38,Queen_Square_Bus_Station,Petherick_Road,"14",outbound,AMSY
23891760,"4733","1099","2026-01-26 16:31:26",53.425681,-2.952751,60,Queen_Square_Bus_Station,Petherick_Road,"14",outbound,AMSY
23892152,"4733","1099","2026-01-26 16:31:38",53.42571,-2.952753,50,Queen_Square_Bus_Station,Petherick_Road,"14",outbound,AMSY
23892542,"4733","1099","2026-01-26 16:31:50",53.426076,-2.952311,36,Queen_Square_Bus_Station,Petherick_Road,"14",outbound,AMSY
23893708,"4733","1099","2026-01-26 16:32:23",53.426376,-2.951895,28,Queen_Square_Bus_Station,Petherick_Road,"14",outbound,AMSY
23894881,"4733","1099","2026-01-26 16:32:45",53.426393,-2.951825,41,Queen_Square_Bus_Station,Petherick_Road,"14",outbound,AMSY
23896061,"4733","1099","2026-01-26 16:33:17",53.427158,-2.950905,36,Queen_Square_Bus_Station,Petherick_Road,"14",outbound,AMSY
23897247,"4733","1099","2026-01-26 16:33:50",53.42715,-2.950916,,Queen_Square_Bus_Station,Petherick_Road,"14",outbound,AMSY
23898433,"4733","1099","2026-01-26 16:34:21",53.428058,-2.949853,32,Queen_Square_Bus_Station,Petherick_Road,"14",outbound,AMSY
23899219,"4733","1099","2026-01-26 16:34:36",53.428475,-2.949256,52,Queen_Square_Bus_Station,Petherick_Road,"14",outbound,AMSY
23900005,"4733","1099","2026-01-26 16:35:00",53.428821,-2.948256,61,Queen_Square_Bus_Station,Petherick_Road,"14",outbound,AMSY
23901185,"4733","1099","2026-01-26 16:35:28",53.429868,-2.945065,51,Queen_Square_Bus_Station,Petherick_Road,"14",outbound,AMSY
23902355,"4733","1099","2026-01-26 16:36:00",53.430363,-2.943923,42,Queen_Square_Bus_Station,Petherick_Road,"14",outbound,AMSY
23903137,"4733","1099","2026-01-26 16:36:23",53.431031,-2.943038,44,Queen_Square_Bus_Station,Petherick_Road,"14",outbound,AMSY
23903525,"4733","1099","2026-01-26 16:36:34",53.431816,-2.941638,47,Queen_Square_Bus_Station,Petherick_Road,"14",outbound,AMSY
23904686,"4733","1099","2026-01-26 16:37:01",53.432328,-2.940476,67,Queen_Square_Bus_Station,Petherick_Road,"14",outbound,AMSY
23905073,"4733","1099","2026-01-26 16:37:07",53.432653,-2.939745,44,Queen_Square_Bus_Station,Petherick_Road,"14",outbound,AMSY
23905460,"4733","1099","2026-01-26 16:37:12",53.433103,-2.93928,32,Queen_Square_Bus_Station,Petherick_Road,"14",outbound,AMSY
23905847,"4733","1099","2026-01-26 16:37:28",53.433726,-2.93823,53,Queen_Square_Bus_Station,Petherick_Road,"14",outbound,AMSY
23906618,"4733","1099","2026-01-26 16:37:48",53.434613,-2.93547,51,Queen_Square_Bus_Station,Petherick_Road,"14",outbound,AMSY
23907003,"4733","1099","2026-01-26 16:37:58",53.43526,-2.934455,38,Queen_Square_Bus_Station,Petherick_Road,"14",outbound,AMSY
23908157,"4733","1099","2026-01-26 16:38:30",53.436458,-2.933163,18,Queen_Square_Bus_Station,Petherick_Road,"14",outbound,AMSY
23909318,"4733","1099","2026-01-26 16:39:03",53.436458,-2.933163,,Queen_Square_Bus_Station,Petherick_Road,"14",outbound,AMSY
23910489,"4733","1099","2026-01-26 16:39:32",53.43736,-2.93267,12,Queen_Square_Bus_Station,Petherick_Road,"14",outbound,AMSY
23911351,"4733","1099","2026-01-26 16:40:01",53.43821,-2.932595,357,Queen_Square_Bus_Station,Petherick_Road,"14",outbound,AMSY
23911743,"4733","1099","2026-01-26 16:40:07",53.438831,-2.932691,354,Queen_Square_Bus_Station,Petherick_Road,"14",outbound,AMSY
23912523,"4733","1099","2026-01-26 16:40:26",53.44082,-2.932643,7,Queen_Square_Bus_Station,Petherick_Road,"14",outbound,AMSY
23913307,"4733","1099","2026-01-26 16:40:41",53.44144,-2.932528,18,Queen_Square_Bus_Station,Petherick_Road,"14",outbound,AMSY
23913697,"4733","1099","2026-01-26 16:41:03",53.441851,-2.93265,319,Queen_Square_Bus_Station,Petherick_Road,"14",outbound,AMSY
23915261,"4733","1099","2026-01-26 16:41:34",53.442428,-2.932133,35,Queen_Square_Bus_Station,Petherick_Road,"14",outbound,AMSY
23916436,"4733","1099","2026-01-26 16:42:04",53.44263,-2.93095,51,Queen_Square_Bus_Station,Petherick_Road,"14",outbound,AMSY
23917219,"4733","1099","2026-01-26 16:42:30",53.44265,-2.930655,64,Queen_Square_Bus_Station,Petherick_Road,"14",outbound,AMSY
23917609,"4733","1099","2026-01-26 16:42:39",53.442908,-2.929836,62,Queen_Square_Bus_Station,Petherick_Road,"14",outbound,AMSY
23918001,"4733","1099","2026-01-26 16:42:53",53.443426,-2.928436,51,Queen_Square_Bus_Station,Petherick_Road,"14",outbound,AMSY
23919174,"4733","1099","2026-01-26 16:43:25",53.443455,-2.928353,70,Queen_Square_Bus_Station,Petherick_Road,"14",outbound,AMSY
23919949,"4733","1099","2026-01-26 16:43:36",53.44372,-2.92766,47,Queen_Square_Bus_Station,Petherick_Road,"14",outbound,AMSY
23921113,"4733","1099","2026-01-26 16:44:02",53.443845,-2.927089,63,Queen_Square_Bus_Station,Petherick_Road,"14",outbound,AMSY
23921884,"4733","1099","2026-01-26 16:44:31",53.445031,-2.92342,64,Queen_Square_Bus_Station,Petherick_Road,"14",outbound,AMSY
23923046,"4733","1099","2026-01-26 16:45:06",53.445303,-2.922606,50,Queen_Square_Bus_Station,Petherick_Road,"14",outbound,AMSY
23924211,"4733","1099","2026-01-26 16:45:29",53.445481,-2.922068,54,Queen_Square_Bus_Station,Petherick_Road,"14",outbound,AMSY
23924988,"4733","1099","2026-01-26 16:45:51",53.44669,-2.919218,54,Queen_Square_Bus_Station,Petherick_Road,"14",outbound,AMSY
23926153,"4733","1099","2026-01-26 16:46:23",53.447048,-2.918416,51,Queen_Square_Bus_Station,Petherick_Road,"14",outbound,AMSY
23926545,"4733","1099","2026-01-26 16:46:31",53.447218,-2.917968,55,Queen_Square_Bus_Station,Petherick_Road,"14",outbound,AMSY
23926937,"4733","1099","2026-01-26 16:46:37",53.447486,-2.9174,49,Queen_Square_Bus_Station,Petherick_Road,"14",outbound,AMSY
23928117,"4733","1099","2026-01-26 16:47:08",53.44774,-2.916798,,Queen_Square_Bus_Station,Petherick_Road,"14",outbound,AMSY
23929295,"4733","1099","2026-01-26 16:47:41",53.447773,-2.916641,55,Queen_Square_Bus_Station,Petherick_Road,"14",outbound,AMSY
23930856,"4733","1099","2026-01-26 16:48:14",53.447871,-2.916543,45,Queen_Square_Bus_Station,Petherick_Road,"14",outbound,AMSY
23932028,"4733","1099","2026-01-26 16:48:46",53.448698,-2.914796,39,Queen_Square_Bus_Station,Petherick_Road,"14",outbound,AMSY
23933202,"4733","1099","2026-01-26 16:49:17",53.448695,-2.914731,,Queen_Square_Bus_Station,Petherick_Road,"14",outbound,AMSY
23934387,"4733","1099","2026-01-26 16:49:50",53.448695,-2.914731,,Queen_Square_Bus_Station,Petherick_Road,"14",outbound,AMSY
23935573,"4733","1099","2026-01-26 16:50:23",53.448695,-2.914731,,Queen_Square_Bus_Station,Petherick_Road,"14",outbound,AMSY
23937158,"4733","1099","2026-01-26 16:50:56",53.448695,-2.914731,,Queen_Square_Bus_Station,Petherick_Road,"14",outbound,AMSY
23938347,"4733","1099","2026-01-26 16:51:29",53.448695,-2.914731,,Queen_Square_Bus_Station,Petherick_Road,"14",outbound,AMSY
23939530,"4733","1099","2026-01-26 16:52:03",53.449196,-2.913521,67,Queen_Square_Bus_Station,Petherick_Road,"14",outbound,AMSY
23940705,"4733","1099","2026-01-26 16:52:32",53.450546,-2.910523,51,Queen_Square_Bus_Station,Petherick_Road,"14",outbound,AMSY
23942265,"4733","1099","2026-01-26 16:53:05",53.450976,-2.90947,48,Queen_Square_Bus_Station,Petherick_Road,"14",outbound,AMSY
23942657,"4733","1099","2026-01-26 16:53:25",53.451296,-2.908651,53,Queen_Square_Bus_Station,Petherick_Road,"14",outbound,AMSY
23943440,"4733","1099","2026-01-26 16:53:40",53.45196,-2.906911,56,Queen_Square_Bus_Station,Petherick_Road,"14",outbound,AMSY
23944222,"4733","1099","2026-01-26 16:53:52",53.452423,-2.905698,55,Queen_Square_Bus_Station,Petherick_Road,"14",outbound,AMSY
23945396,"4733","1099","2026-01-26 16:54:24",53.452596,-2.905353,,Queen_Square_Bus_Station,Petherick_Road,"14",outbound,AMSY
23946571,"4733","1099","2026-01-26 16:54:55",53.45313,-2.903791,79,Queen_Square_Bus_Station,Petherick_Road,"14",outbound,AMSY
23947751,"4733","1099","2026-01-26 16:55:31",53.453265,-2.902025,82,Queen_Square_Bus_Station,Petherick_Road,"14",outbound,AMSY
23948539,"4733","1099","2026-01-26 16:55:48",53.45395,-2.899656,39,Queen_Square_Bus_Station,Petherick_Road,"14",outbound,AMSY
23948934,"4733","1099","2026-01-26 16:56:02",53.455073,-2.898738,23,Queen_Square_Bus_Station,Petherick_Road,"14",outbound,AMSY
23949327,"4733","1099","2026-01-26 16:56:11",53.455898,-2.898181,23,Queen_Square_Bus_Station,Petherick_Road,"14",outbound,AMSY
23950917,"4733","1099","2026-01-26 16:56:42",53.457056,-2.896441,18,Queen_Square_Bus_Station,Petherick_Road,"14",outbound,AMSY
23951711,"4733","1099","2026-01-26 16:57:11",53.457873,-2.895878,28,Queen_Square_Bus_Station,Petherick_Road,"14",outbound,AMSY
23952107,"4733","1099","2026-01-26 16:57:17",53.45837,-2.895533,20,Queen_Square_Bus_Station,Petherick_Road,"14",outbound,AMSY
23952502,"4733","1099","2026-01-26 16:57:34",53.46002,-2.894353,25,Queen_Square_Bus_Station,Petherick_Road,"14",outbound,AMSY
23954075,"4733","1099","2026-01-26 16:58:04",53.461691,-2.894821,341,Queen_Square_Bus_Station,Petherick_Road,"14",outbound,AMSY
23954467,"4733","1099","2026-01-26 16:58:14",53.462105,-2.895086,,Queen_Square_Bus_Station,Petherick_Road,"14",outbound,AMSY
24051481,"4733","1115","2026-01-26 17:39:14",53.408288,-2.983395,,Queen_Square_Bus_Station,Petherick_Road,"14",outbound,AMSY
24052253,"4733","1115","2026-01-26 17:39:37",53.40799,-2.98368,212,Queen_Square_Bus_Station,Petherick_Road,"14",outbound,AMSY
24053064,"4733","1115","2026-01-26 17:40:08",53.407788,-2.98387,,Queen_Square_Bus_Station,Petherick_Road,"14",outbound,AMSY
24054220,"4733","1115","2026-01-26 17:40:37",53.407503,-2.983425,101,Queen_Square_Bus_Station,Petherick_Road,"14",outbound,AMSY
24054998,"4733","1115","2026-01-26 17:40:58",53.407478,-2.98212,54,Queen_Square_Bus_Station,Petherick_Road,"14",outbound,AMSY
24055385,"4733","1115","2026-01-26 17:41:03",53.407478,-2.98212,54,Queen_Square_Bus_Station,Petherick_Road,"14",outbound,AMSY
24055775,"4733","1115","2026-01-26 17:41:21",53.407478,-2.98212,,Queen_Square_Bus_Station,Petherick_Road,"14",outbound,AMSY
24056165,"4733","1115","2026-01-26 17:41:25",53.407478,-2.98212,,Queen_Square_Bus_Station,Petherick_Road,"14",outbound,AMSY
24056558,"4733","1115","2026-01-26 17:41:29",53.407478,-2.98212,,Queen_Square_Bus_Station,Petherick_Road,"14",outbound,AMSY
24056949,"4733","1115","2026-01-26 17:41:45",53.407478,-2.98212,,Queen_Square_Bus_Station,Petherick_Road,"14",outbound,AMSY
24057341,"4733","1115","2026-01-26 17:41:48",53.407478,-2.98212,,Queen_Square_Bus_Station,Petherick_Road,"14",outbound,AMSY
24057733,"4733","1115","2026-01-26 17:41:55",53.407478,-2.98212,,Queen_Square_Bus_Station,Petherick_Road,"14",outbound,AMSY
24058124,"4733","1115","2026-01-26 17:42:16",53.407478,-2.98212,,Queen_Square_Bus_Station,Petherick_Road,"14",outbound,AMSY
24058514,"4733","1115","2026-01-26 17:42:28",53.407478,-2.98212,,Queen_Square_Bus_Station,Petherick_Road,"14",outbound,AMSY
24058904,"4733","1115","2026-01-26 17:42:32",53.407478,-2.98212,,Queen_Square_Bus_Station,Petherick_Road,"14",outbound,AMSY
24059294,"4733","1115","2026-01-26 17:42:35",53.407478,-2.98212,,Queen_Square_Bus_Station,Petherick_Road,"14",outbound,AMSY
24059684,"4733","1115","2026-01-26 17:42:54",53.407478,-2.98212,,Queen_Square_Bus_Station,Petherick_Road,"14",outbound,AMSY
24060075,"4733","1115","2026-01-26 17:43:06",53.407478,-2.98212,,Queen_Square_Bus_Station,Petherick_Road,"14",outbound,AMSY
24060467,"4733","1115","2026-01-26 17:43:14",53.407478,-2.98212,,Queen_Square_Bus_Station,Petherick_Road,"14",outbound,AMSY
24060858,"4733","1115","2026-01-26 17:43:32",53.407478,-2.98212,,Queen_Square_Bus_Station,Petherick_Road,"14",outbound,AMSY
24061248,"4733","1115","2026-01-26 17:43:34",53.407478,-2.98212,,Queen_Square_Bus_Station,Petherick_Road,"14",outbound,AMSY
24061641,"4733","1115","2026-01-26 17:43:48",53.407478,-2.98212,,Queen_Square_Bus_Station,Petherick_Road,"14",outbound,AMSY
24062033,"4733","1115","2026-01-26 17:43:58",53.407478,-2.98212,,Queen_Square_Bus_Station,Petherick_Road,"14",outbound,AMSY
24062426,"4733","1115","2026-01-26 17:44:04",53.407478,-2.98212,,Queen_Square_Bus_Station,Petherick_Road,"14",outbound,AMSY
24063603,"4733","1115","2026-01-26 17:44:35",53.407825,-2.981659,37,Queen_Square_Bus_Station,Petherick_Road,"14",outbound,AMSY
24064786,"4733","1115","2026-01-26 17:45:06",53.407856,-2.981651,,Queen_Square_Bus_Station,Petherick_Road,"14",outbound,AMSY
24065980,"4733","1115","2026-01-26 17:45:39",53.407856,-2.981651,,Queen_Square_Bus_Station,Petherick_Road,"14",outbound,AMSY
24066381,"4733","1115","2026-01-26 17:45:52",53.408011,-2.981391,47,Queen_Square_Bus_Station,Petherick_Road,"14",outbound,AMSY
24066781,"4733","1115","2026-01-26 17:46:00",53.407995,-2.98071,110,Queen_Square_Bus_Station,Petherick_Road,"14",outbound,AMSY
24068387,"4733","1115","2026-01-26 17:46:33",53.408838,-2.978641,20,Queen_Square_Bus_Station,Petherick_Road,"14",outbound,AMSY
24069586,"4733","1115","2026-01-26 17:47:06",53.409136,-2.978543,16,Queen_Square_Bus_Station,Petherick_Road,"14",outbound,AMSY
24070785,"4733","1115","2026-01-26 17:47:40",53.409413,-2.977161,97,Queen_Square_Bus_Station,Petherick_Road,"14",outbound,AMSY
24071984,"4733","1115","2026-01-26 17:48:13",53.409371,-2.975408,107,Queen_Square_Bus_Station,Petherick_Road,"14",outbound,AMSY
24073580,"4733","1115","2026-01-26 17:48:46",53.409371,-2.975408,,Queen_Square_Bus_Station,Petherick_Road,"14",outbound,AMSY
24074377,"4733","1115","2026-01-26 17:49:12",53.409325,-2.973705,100,Queen_Square_Bus_Station,Petherick_Road,"14",outbound,AMSY
24075164,"4733","1115","2026-01-26 17:49:28",53.409288,-2.973403,110,Queen_Square_Bus_Station,Petherick_Road,"14",outbound,AMSY
24075555,"4733","1115","2026-01-26 17:49:33",53.409288,-2.973403,110,Queen_Square_Bus_Station,Petherick_Road,"14",outbound,AMSY
24075943,"4733","1115","2026-01-26 17:49:44",53.409288,-2.973403,,Queen_Square_Bus_Station,Petherick_Road,"14",outbound,AMSY
24076721,"4733","1115","2026-01-26 17:50:07",53.409145,-2.972185,99,Queen_Square_Bus_Station,Petherick_Road,"14",outbound,AMSY
24077886,"4733","1115","2026-01-26 17:50:38",53.409041,-2.97097,78,Queen_Square_Bus_Station,Petherick_Road,"14",outbound,AMSY
24079044,"4733","1115","2026-01-26 17:51:11",53.409183,-2.970543,342,Queen_Square_Bus_Station,Petherick_Road,"14",outbound,AMSY
24079430,"4733","1115","2026-01-26 17:51:21",53.409763,-2.970558,48,Queen_Square_Bus_Station,Petherick_Road,"14",outbound,AMSY
24080589,"4733","1115","2026-01-26 17:51:39",53.40986,-2.97026,70,Queen_Square_Bus_Station,Petherick_Road,"14",outbound,AMSY
24081362,"4733","1115","2026-01-26 17:52:12",53.410238,-2.969035,68,Queen_Square_Bus_Station,Petherick_Road,"14",outbound,AMSY
24082523,"4733","1115","2026-01-26 17:52:44",53.411521,-2.967883,348,Queen_Square_Bus_Station,Petherick_Road,"14",outbound,AMSY
24083292,"4733","1115","2026-01-26 17:53:02",53.41183,-2.967763,34,Queen_Square_Bus_Station,Petherick_Road,"14",outbound,AMSY
24084064,"4733","1115","2026-01-26 17:53:16",53.4122,-2.966926,53,Queen_Square_Bus_Station,Petherick_Road,"14",outbound,AMSY
24084451,"4733","1115","2026-01-26 17:53:30",53.412333,-2.966605,53,Queen_Square_Bus_Station,Petherick_Road,"14",outbound,AMSY
24084840,"4733","1115","2026-01-26 17:53:37",53.412601,-2.96594,54,Queen_Square_Bus_Station,Petherick_Road,"14",outbound,AMSY
24085616,"4733","1115","2026-01-26 17:54:02",53.41417,-2.962733,36,Queen_Square_Bus_Station,Petherick_Road,"14",outbound,AMSY
24087160,"4733","1115","2026-01-26 17:54:34",53.414666,-2.96278,,Queen_Square_Bus_Station,Petherick_Road,"14",outbound,AMSY
24088315,"4733","1115","2026-01-26 17:55:07",53.414666,-2.96278,,Queen_Square_Bus_Station,Petherick_Road,"14",outbound,AMSY
24089465,"4733","1115","2026-01-26 17:55:40",53.414666,-2.96278,,Queen_Square_Bus_Station,Petherick_Road,"14",outbound,AMSY
24089848,"4733","1115","2026-01-26 17:55:52",53.41518,-2.963458,318,Queen_Square_Bus_Station,Petherick_Road,"14",outbound,AMSY
24090616,"4733","1115","2026-01-26 17:56:12",53.416425,-2.965138,321,Queen_Square_Bus_Station,Petherick_Road,"14",outbound,AMSY
24091000,"4733","1115","2026-01-26 17:56:23",53.417175,-2.96611,319,Queen_Square_Bus_Station,Petherick_Road,"14",outbound,AMSY
24091386,"4733","1115","2026-01-26 17:56:37",53.418376,-2.967351,346,Queen_Square_Bus_Station,Petherick_Road,"14",outbound,AMSY
24092159,"4733","1115","2026-01-26 17:56:46",53.419256,-2.967685,342,Queen_Square_Bus_Station,Petherick_Road,"14",outbound,AMSY
24092933,"4733","1115","2026-01-26 17:57:12",53.420528,-2.964603,31,Queen_Square_Bus_Station,Petherick_Road,"14",outbound,AMSY
24093706,"4733","1115","2026-01-26 17:57:23",53.421235,-2.963953,21,Queen_Square_Bus_Station,Petherick_Road,"14",outbound,AMSY
24094882,"4733","1115","2026-01-26 17:57:55",53.422121,-2.961303,72,Queen_Square_Bus_Station,Petherick_Road,"14",outbound,AMSY
24096041,"4733","1115","2026-01-26 17:58:28",53.422266,-2.960596,,Queen_Square_Bus_Station,Petherick_Road,"14",outbound,AMSY
24097191,"4733","1115","2026-01-26 17:59:05",53.422393,-2.960195,46,Queen_Square_Bus_Station,Petherick_Road,"14",outbound,AMSY
24098334,"4733","1115","2026-01-26 17:59:28",53.422706,-2.959623,49,Queen_Square_Bus_Station,Petherick_Road,"14",outbound,AMSY
24098715,"4733","1115","2026-01-26 17:59:35",53.422706,-2.959623,,Queen_Square_Bus_Station,Petherick_Road,"14",outbound,AMSY
24099476,"4733","1115","2026-01-26 17:59:56",53.423043,-2.958905,45,Queen_Square_Bus_Station,Petherick_Road,"14",outbound,AMSY
24100620,"4733","1115","2026-01-26 18:00:29",53.423805,-2.956865,56,Queen_Square_Bus_Station,Petherick_Road,"14",outbound,AMSY
24101002,"4733","1115","2026-01-26 18:00:37",53.424201,-2.955846,52,Queen_Square_Bus_Station,Petherick_Road,"14",outbound,AMSY
24101762,"4733","1115","2026-01-26 18:00:55",53.424436,-2.955305,50,Queen_Square_Bus_Station,Petherick_Road,"14",outbound,AMSY
24102142,"4733","1115","2026-01-26 18:00:59",53.424436,-2.955305,50,Queen_Square_Bus_Station,Petherick_Road,"14",outbound,AMSY
24102905,"4733","1115","2026-01-26 18:01:32",53.424501,-2.955148,47,Queen_Square_Bus_Station,Petherick_Road,"14",outbound,AMSY
24104045,"4733","1115","2026-01-26 18:02:01",53.424831,-2.954271,46,Queen_Square_Bus_Station,Petherick_Road,"14",outbound,AMSY
24104799,"4733","1115","2026-01-26 18:02:17",53.425808,-2.952866,34,Queen_Square_Bus_Station,Petherick_Road,"14",outbound,AMSY
24105917,"4733","1115","2026-01-26 18:02:50",53.426155,-2.952395,,Queen_Square_Bus_Station,Petherick_Road,"14",outbound,AMSY
24107028,"4733","1115","2026-01-26 18:03:13",53.42646,-2.951951,41,Queen_Square_Bus_Station,Petherick_Road,"14",outbound,AMSY
24108138,"4733","1115","2026-01-26 18:03:44",53.426726,-2.951576,47,Queen_Square_Bus_Station,Petherick_Road,"14",outbound,AMSY
24108508,"4733","1115","2026-01-26 18:03:56",53.427115,-2.950988,35,Queen_Square_Bus_Station,Petherick_Road,"14",outbound,AMSY
24109622,"4733","1115","2026-01-26 18:04:29",53.427923,-2.95004,27,Queen_Square_Bus_Station,Petherick_Road,"14",outbound,AMSY
24110360,"4733","1115","2026-01-26 18:04:47",53.428155,-2.949821,32,Queen_Square_Bus_Station,Petherick_Road,"14",outbound,AMSY
24111465,"4733","1115","2026-01-26 18:05:20",53.428436,-2.949463,,Queen_Square_Bus_Station,Petherick_Road,"14",outbound,AMSY
24112931,"4733","1115","2026-01-26 18:05:59",53.428685,-2.9487,59,Queen_Square_Bus_Station,Petherick_Road,"14",outbound,AMSY
24113298,"4733","1115","2026-01-26 18:06:04",53.4289,-2.948035,60,Queen_Square_Bus_Station,Petherick_Road,"14",outbound,AMSY
24114412,"4733","1115","2026-01-26 18:06:37",53.429888,-2.945156,47,Queen_Square_Bus_Station,Petherick_Road,"14",outbound,AMSY
24115528,"4733","1115","2026-01-26 18:07:09",53.430206,-2.944638,45,Queen_Square_Bus_Station,Petherick_Road,"14",outbound,AMSY
24115903,"4733","1115","2026-01-26 18:07:21",53.430823,-2.943461,36,Queen_Square_Bus_Station,Petherick_Road,"14",outbound,AMSY
24116649,"4733","1115","2026-01-26 18:07:34",53.43185,-2.941768,44,Queen_Square_Bus_Station,Petherick_Road,"14",outbound,AMSY
24117393,"4733","1115","2026-01-26 18:08:03",53.432345,-2.940516,64,Queen_Square_Bus_Station,Petherick_Road,"14",outbound,AMSY
24118138,"4733","1115","2026-01-26 18:08:21",53.433693,-2.93822,50,Queen_Square_Bus_Station,Petherick_Road,"14",outbound,AMSY
24119252,"4733","1115","2026-01-26 18:08:47",53.43459,-2.93542,51,Queen_Square_Bus_Station,Petherick_Road,"14",outbound,AMSY
24120371,"4733","1115","2026-01-26 18:09:20",53.435468,-2.934105,36,Queen_Square_Bus_Station,Petherick_Road,"14",outbound,AMSY
24121499,"4733","1115","2026-01-26 18:09:51",53.436203,-2.933303,26,Queen_Square_Bus_Station,Petherick_Road,"14",outbound,AMSY
24122248,"4733","1115","2026-01-26 18:10:09",53.437321,-2.932711,12,Queen_Square_Bus_Station,Petherick_Road,"14",outbound,AMSY
24122624,"4733","1115","2026-01-26 18:10:22",53.437781,-2.932646,336,Queen_Square_Bus_Station,Petherick_Road,"14",outbound,AMSY
24123372,"4733","1115","2026-01-26 18:10:42",53.438671,-2.932701,353,Queen_Square_Bus_Station,Petherick_Road,"14",outbound,AMSY
24124117,"4733","1115","2026-01-26 18:11:02",53.440845,-2.932716,5,Queen_Square_Bus_Station,Petherick_Road,"14",outbound,AMSY
24124861,"4733","1115","2026-01-26 18:11:20",53.441198,-2.932768,,Queen_Square_Bus_Station,Petherick_Road,"14",outbound,AMSY
24128172,"4733","1115","2026-01-26 18:12:41",53.441263,-2.932661,,Queen_Square_Bus_Station,Petherick_Road,"14",outbound,AMSY
24128541,"4733","1115","2026-01-26 18:13:03",53.441306,-2.932606,29,Queen_Square_Bus_Station,Petherick_Road,"14",outbound,AMSY
24129639,"4733","1115","2026-01-26 18:13:31",53.441925,-2.932775,359,Queen_Square_Bus_Station,Petherick_Road,"14",outbound,AMSY
24130372,"4733","1115","2026-01-26 18:13:53",53.442405,-2.932115,44,Queen_Square_Bus_Station,Petherick_Road,"14",outbound,AMSY
24131478,"4733","1115","2026-01-26 18:14:21",53.442591,-2.931036,43,Queen_Square_Bus_Station,Petherick_Road,"14",outbound,AMSY
24132204,"4733","1115","2026-01-26 18:14:43",53.44268,-2.930666,56,Queen_Square_Bus_Station,Petherick_Road,"14",outbound,AMSY
24132564,"4733","1115","2026-01-26 18:14:50",53.442885,-2.930048,56,Queen_Square_Bus_Station,Petherick_Road,"14",outbound,AMSY
24133281,"4733","1115","2026-01-26 18:15:12",53.443411,-2.928361,58,Queen_Square_Bus_Station,Petherick_Road,"14",outbound,AMSY
24134354,"4733","1115","2026-01-26 18:15:43",53.443841,-2.927061,54,Queen_Square_Bus_Station,Petherick_Road,"14",outbound,AMSY
24134712,"4733","1115","2026-01-26 18:15:48",53.444086,-2.92639,62,Queen_Square_Bus_Station,Petherick_Road,"14",outbound,AMSY
24135794,"4733","1115","2026-01-26 18:16:20",53.445001,-2.923499,58,Queen_Square_Bus_Station,Petherick_Road,"14",outbound,AMSY
24136150,"4733","1115","2026-01-26 18:16:24",53.44501,-2.923436,63,Queen_Square_Bus_Station,Petherick_Road,"14",outbound,AMSY
24137219,"4733","1115","2026-01-26 18:17:03",53.445688,-2.921338,55,Queen_Square_Bus_Station,Petherick_Road,"14",outbound,AMSY
24137931,"4733","1115","2026-01-26 18:17:18",53.446701,-2.919143,52,Queen_Square_Bus_Station,Petherick_Road,"14",outbound,AMSY
24139006,"4733","1115","2026-01-26 18:17:50",53.447203,-2.918018,52,Queen_Square_Bus_Station,Petherick_Road,"14",outbound,AMSY
24139364,"4733","1115","2026-01-26 18:17:57",53.447576,-2.91727,51,Queen_Square_Bus_Station,Petherick_Road,"14",outbound,AMSY
24139721,"4733","1115","2026-01-26 18:18:12",53.448716,-2.914796,53,Queen_Square_Bus_Station,Petherick_Road,"14",outbound,AMSY
24140794,"4733","1115","2026-01-26 18:18:44",53.449083,-2.913803,,Queen_Square_Bus_Station,Petherick_Road,"14",outbound,AMSY
24142233,"4733","1115","2026-01-26 18:19:17",53.449076,-2.913791,,Queen_Square_Bus_Station,Petherick_Road,"14",outbound,AMSY
23807756,"4803","1093","2026-01-26 15:55:33",53.42709,-2.950901,38,Queen_Square_Bus_Station,Petherick_Road,"14",outbound,AMSY
23808156,"4803","1093","2026-01-26 15:55:45",53.428091,-2.949756,31,Queen_Square_Bus_Station,Petherick_Road,"14",outbound,AMSY
23809738,"4803","1093","2026-01-26 15:56:09",53.428481,-2.949226,51,Queen_Square_Bus_Station,Petherick_Road,"14",outbound,AMSY
23810134,"4803","1093","2026-01-26 15:56:34",53.428931,-2.947828,61,Queen_Square_Bus_Station,Petherick_Road,"14",outbound,AMSY
23810923,"4803","1093","2026-01-26 15:56:52",53.429863,-2.945055,50,Queen_Square_Bus_Station,Petherick_Road,"14",outbound,AMSY
23812106,"4803","1093","2026-01-26 15:57:18",53.43011,-2.944546,41,Queen_Square_Bus_Station,Petherick_Road,"14",outbound,AMSY
23812892,"4803","1093","2026-01-26 15:57:39",53.430758,-2.943336,42,Queen_Square_Bus_Station,Petherick_Road,"14",outbound,AMSY
23813286,"4803","1093","2026-01-26 15:57:49",53.431733,-2.941643,45,Queen_Square_Bus_Station,Petherick_Road,"14",outbound,AMSY
23814472,"4803","1093","2026-01-26 15:58:25",53.433103,-2.939238,38,Queen_Square_Bus_Station,Petherick_Road,"14",outbound,AMSY
23815649,"4803","1093","2026-01-26 15:58:52",53.433718,-2.938131,52,Queen_Square_Bus_Station,Petherick_Road,"14",outbound,AMSY
23816038,"4803","1093","2026-01-26 15:58:59",53.43395,-2.93751,61,Queen_Square_Bus_Station,Petherick_Road,"14",outbound,AMSY
23817210,"4803","1093","2026-01-26 15:59:30",53.43407,-2.937051,60,Queen_Square_Bus_Station,Petherick_Road,"14",outbound,AMSY
23817603,"4803","1093","2026-01-26 15:59:45",53.434581,-2.935453,53,Queen_Square_Bus_Station,Petherick_Road,"14",outbound,AMSY
23818481,"4803","1093","2026-01-26 16:00:10",53.43501,-2.934716,54,Queen_Square_Bus_Station,Petherick_Road,"14",outbound,AMSY
23818879,"4803","1093","2026-01-26 16:00:24",53.435245,-2.93436,40,Queen_Square_Bus_Station,Petherick_Road,"14",outbound,AMSY
23819274,"4803","1093","2026-01-26 16:00:31",53.435645,-2.933813,39,Queen_Square_Bus_Station,Petherick_Road,"14",outbound,AMSY
23820064,"4803","1093","2026-01-26 16:01:04",53.436085,-2.933351,,Queen_Square_Bus_Station,Petherick_Road,"14",outbound,AMSY
23821648,"4803","1093","2026-01-26 16:01:40",53.437375,-2.932673,11,Queen_Square_Bus_Station,Petherick_Road,"14",outbound,AMSY
23822828,"4803","1093","2026-01-26 16:02:13",53.437858,-2.93256,,Queen_Square_Bus_Station,Petherick_Road,"14",outbound,AMSY
23823216,"4803","1093","2026-01-26 16:02:22",53.438275,-2.932593,355,Queen_Square_Bus_Station,Petherick_Road,"14",outbound,AMSY
23823605,"4803","1093","2026-01-26 16:02:29",53.439003,-2.932781,352,Queen_Square_Bus_Station,Petherick_Road,"14",outbound,AMSY
23824380,"4803","1093","2026-01-26 16:02:45",53.440878,-2.932685,6,Queen_Square_Bus_Station,Petherick_Road,"14",outbound,AMSY
23824767,"4803","1093","2026-01-26 16:02:59",53.441313,-2.932566,,Queen_Square_Bus_Station,Petherick_Road,"14",outbound,AMSY
23833060,"4803","1093","2026-01-26 16:06:27",53.442566,-2.930955,59,Queen_Square_Bus_Station,Petherick_Road,"14",outbound,AMSY
23833855,"4803","1093","2026-01-26 16:06:45",53.442571,-2.930938,,Queen_Square_Bus_Station,Petherick_Road,"14",outbound,AMSY
23834252,"4803","1093","2026-01-26 16:07:00",53.442595,-2.930633,84,Queen_Square_Bus_Station,Petherick_Road,"14",outbound,AMSY
23834647,"4803","1093","2026-01-26 16:07:10",53.442968,-2.929448,59,Queen_Square_Bus_Station,Petherick_Road,"14",outbound,AMSY
23835040,"4803","1093","2026-01-26 16:07:19",53.443398,-2.928383,58,Queen_Square_Bus_Station,Petherick_Road,"14",outbound,AMSY
23836219,"4803","1093","2026-01-26 16:07:52",53.443518,-2.927898,62,Queen_Square_Bus_Station,Petherick_Road,"14",outbound,AMSY
23837005,"4803","1093","2026-01-26 16:08:17",53.443771,-2.927001,61,Queen_Square_Bus_Station,Petherick_Road,"14",outbound,AMSY
23837791,"4803","1093","2026-01-26 16:08:25",53.444173,-2.925813,63,Queen_Square_Bus_Station,Petherick_Road,"14",outbound,AMSY
23838571,"4803","1093","2026-01-26 16:08:45",53.444996,-2.92335,58,Queen_Square_Bus_Station,Petherick_Road,"14",outbound,AMSY
23839736,"4803","1093","2026-01-26 16:09:22",53.445711,-2.921278,56,Queen_Square_Bus_Station,Petherick_Road,"14",outbound,AMSY
23840510,"4803","1093","2026-01-26 16:09:39",53.446703,-2.919276,47,Queen_Square_Bus_Station,Petherick_Road,"14",outbound,AMSY
23841673,"4803","1093","2026-01-26 16:10:10",53.447061,-2.918441,17,Queen_Square_Bus_Station,Petherick_Road,"14",outbound,AMSY
23842059,"4803","1093","2026-01-26 16:10:20",53.4472,-2.917921,54,Queen_Square_Bus_Station,Petherick_Road,"14",outbound,AMSY
23843219,"4803","1093","2026-01-26 16:10:52",53.448295,-2.915558,52,Queen_Square_Bus_Station,Petherick_Road,"14",outbound,AMSY
23844394,"4803","1093","2026-01-26 16:11:25",53.448295,-2.915558,,Queen_Square_Bus_Station,Petherick_Road,"14",outbound,AMSY
23845577,"4803","1093","2026-01-26 16:11:56",53.448295,-2.915558,,Queen_Square_Bus_Station,Petherick_Road,"14",outbound,AMSY
23847156,"4803","1093","2026-01-26 16:12:29",53.448295,-2.915558,,Queen_Square_Bus_Station,Petherick_Road,"14",outbound,AMSY
23848329,"4803","1093","2026-01-26 16:13:02",53.448295,-2.915558,,Queen_Square_Bus_Station,Petherick_Road,"14",outbound,AMSY
23849503,"4803","1093","2026-01-26 16:13:35",53.448305,-2.915551,,Queen_Square_Bus_Station,Petherick_Road,"14",outbound,AMSY
23850671,"4803","1093","2026-01-26 16:13:58",53.44876,-2.914603,53,Queen_Square_Bus_Station,Petherick_Road,"14",outbound,AMSY
23851837,"4803","1093","2026-01-26 16:14:29",53.449061,-2.913843,,Queen_Square_Bus_Station,Petherick_Road,"14",outbound,AMSY
23853010,"4803","1093","2026-01-26 16:15:02",53.449066,-2.91383,,Queen_Square_Bus_Station,Petherick_Road,"14",outbound,AMSY
23854186,"4803","1093","2026-01-26 16:15:35",53.449063,-2.913845,,Queen_Square_Bus_Station,Petherick_Road,"14",outbound,AMSY
23855755,"4803","1093","2026-01-26 16:16:08",53.449063,-2.913845,,Queen_Square_Bus_Station,Petherick_Road,"14",outbound,AMSY
23856923,"4803","1093","2026-01-26 16:16:41",53.449063,-2.913845,,Queen_Square_Bus_Station,Petherick_Road,"14",outbound,AMSY
23858070,"4803","1093","2026-01-26 16:17:14",53.449063,-2.913845,,Queen_Square_Bus_Station,Petherick_Road,"14",outbound,AMSY
23858831,"4803","1093","2026-01-26 16:17:29",53.449143,-2.913486,60,Queen_Square_Bus_Station,Petherick_Road,"14",outbound,AMSY
23859596,"4803","1093","2026-01-26 16:17:54",53.450521,-2.910443,51,Queen_Square_Bus_Station,Petherick_Road,"14",outbound,AMSY
23860755,"4803","1093","2026-01-26 16:18:24",53.451153,-2.909416,56,Queen_Square_Bus_Station,Petherick_Road,"14",outbound,AMSY
23861530,"4803","1093","2026-01-26 16:18:43",53.451981,-2.906995,56,Queen_Square_Bus_Station,Petherick_Road,"14",outbound,AMSY
23862703,"4803","1093","2026-01-26 16:19:15",53.452378,-2.905826,56,Queen_Square_Bus_Station,Petherick_Road,"14",outbound,AMSY
23863094,"4803","1093","2026-01-26 16:19:22",53.45256,-2.90536,56,Queen_Square_Bus_Station,Petherick_Road,"14",outbound,AMSY
23864261,"4803","1093","2026-01-26 16:19:54",53.452705,-2.904998,55,Queen_Square_Bus_Station,Petherick_Road,"14",outbound,AMSY
23865033,"4803","1093","2026-01-26 16:20:06",53.453078,-2.903796,80,Queen_Square_Bus_Station,Petherick_Road,"14",outbound,AMSY
23865809,"4803","1093","2026-01-26 16:20:35",53.45321,-2.902286,82,Queen_Square_Bus_Station,Petherick_Road,"14",outbound,AMSY
23866201,"4803","1093","2026-01-26 16:20:43",53.45333,-2.901108,75,Queen_Square_Bus_Station,Petherick_Road,"14",outbound,AMSY
23866979,"4803","1093","2026-01-26 16:20:52",53.453926,-2.899655,39,Queen_Square_Bus_Station,Petherick_Road,"14",outbound,AMSY
23867759,"4803","1093","2026-01-26 16:21:25",53.455243,-2.898666,19,Queen_Square_Bus_Station,Petherick_Road,"14",outbound,AMSY
23868938,"4803","1093","2026-01-26 16:21:50",53.455898,-2.898153,24,Queen_Square_Bus_Station,Petherick_Road,"14",outbound,AMSY
23870131,"4803","1093","2026-01-26 16:22:21",53.456953,-2.896486,25,Queen_Square_Bus_Station,Petherick_Road,"14",outbound,AMSY
23870530,"4803","1093","2026-01-26 16:22:30",53.457825,-2.895831,27,Queen_Square_Bus_Station,Petherick_Road,"14",outbound,AMSY
23871332,"4803","1093","2026-01-26 16:22:44",53.459205,-2.894923,21,Queen_Square_Bus_Station,Petherick_Road,"14",outbound,AMSY
23872526,"4803","1093","2026-01-26 16:23:25",53.460376,-2.893908,31,Queen_Square_Bus_Station,Petherick_Road,"14",outbound,AMSY
23873727,"4803","1093","2026-01-26 16:23:57",53.461001,-2.893706,300,Queen_Square_Bus_Station,Petherick_Road,"14",outbound,AMSY
23874530,"4803","1093","2026-01-26 16:24:12",53.461705,-2.894745,336,Queen_Square_Bus_Station,Petherick_Road,"14",outbound,AMSY
23984726,"4803","1109","2026-01-26 17:11:19",53.408208,-2.983681,,Queen_Square_Bus_Station,Petherick_Road,"14",outbound,AMSY
23985888,"4803","1109","2026-01-26 17:11:47",53.407696,-2.983698,104,Queen_Square_Bus_Station,Petherick_Road,"14",outbound,AMSY
23987042,"4803","1109","2026-01-26 17:12:17",53.407591,-2.98212,33,Queen_Square_Bus_Station,Petherick_Road,"14",outbound,AMSY
23987426,"4803","1109","2026-01-26 17:12:26",53.407591,-2.98212,,Queen_Square_Bus_Station,Petherick_Road,"14",outbound,AMSY
23987814,"4803","1109","2026-01-26 17:12:41",53.407591,-2.98212,,Queen_Square_Bus_Station,Petherick_Road,"14",outbound,AMSY
23988586,"4803","1109","2026-01-26 17:12:57",53.407591,-2.98212,,Queen_Square_Bus_Station,Petherick_Road,"14",outbound,AMSY
23990152,"4803","1109","2026-01-26 17:13:30",53.40784,-2.9815,45,Queen_Square_Bus_Station,Petherick_Road,"14",outbound,AMSY
23990543,"4803","1109","2026-01-26 17:13:52",53.407876,-2.981368,63,Queen_Square_Bus_Station,Petherick_Road,"14",outbound,AMSY
23990934,"4803","1109","2026-01-26 17:14:03",53.407781,-2.980333,115,Queen_Square_Bus_Station,Petherick_Road,"14",outbound,AMSY
23992106,"4803","1109","2026-01-26 17:14:36",53.407948,-2.979218,15,Queen_Square_Bus_Station,Petherick_Road,"14",outbound,AMSY
23993683,"4803","1109","2026-01-26 17:15:09",53.409091,-2.978546,12,Queen_Square_Bus_Station,Petherick_Road,"14",outbound,AMSY
23994876,"4803","1109","2026-01-26 17:15:42",53.409091,-2.978546,,Queen_Square_Bus_Station,Petherick_Road,"14",outbound,AMSY
23996448,"4803","1109","2026-01-26 17:16:15",53.409298,-2.978403,51,Queen_Square_Bus_Station,Petherick_Road,"14",outbound,AMSY
23997617,"4803","1109","2026-01-26 17:16:48",53.409456,-2.975046,63,Queen_Square_Bus_Station,Petherick_Road,"14",outbound,AMSY
23998799,"4803","1109","2026-01-26 17:17:21",53.40943,-2.975073,,Queen_Square_Bus_Station,Petherick_Road,"14",outbound,AMSY
24000372,"4803","1109","2026-01-26 17:17:54",53.40943,-2.975073,,Queen_Square_Bus_Station,Petherick_Road,"14",outbound,AMSY
24000769,"4803","1109","2026-01-26 17:18:15",53.409248,-2.973705,100,Queen_Square_Bus_Station,Petherick_Road,"14",outbound,AMSY
24001563,"4803","1109","2026-01-26 17:18:25",53.409081,-2.972235,99,Queen_Square_Bus_Station,Petherick_Road,"14",outbound,AMSY
24002755,"4803","1109","2026-01-26 17:18:58",53.409011,-2.970878,69,Queen_Square_Bus_Station,Petherick_Road,"14",outbound,AMSY
24003941,"4803","1109","2026-01-26 17:19:31",53.409166,-2.970556,342,Queen_Square_Bus_Station,Petherick_Road,"14",outbound,AMSY
24004336,"4803","1109","2026-01-26 17:19:41",53.409758,-2.970561,54,Queen_Square_Bus_Station,Petherick_Road,"14",outbound,AMSY
24004732,"4803","1109","2026-01-26 17:19:48",53.41002,-2.969635,67,Queen_Square_Bus_Station,Petherick_Road,"14",outbound,AMSY
24005919,"4803","1109","2026-01-26 17:20:20",53.410316,-2.968536,72,Queen_Square_Bus_Station,Petherick_Road,"14",outbound,AMSY
24007105,"4803","1109","2026-01-26 17:20:53",53.410423,-2.968206,61,Queen_Square_Bus_Station,Petherick_Road,"14",outbound,AMSY
24008292,"4803","1109","2026-01-26 17:21:26",53.410421,-2.968191,,Queen_Square_Bus_Station,Petherick_Road,"14",outbound,AMSY
24009865,"4803","1109","2026-01-26 17:21:59",53.411188,-2.968011,356,Queen_Square_Bus_Station,Petherick_Road,"14",outbound,AMSY
24011048,"4803","1109","2026-01-26 17:22:32",53.411188,-2.968011,,Queen_Square_Bus_Station,Petherick_Road,"14",outbound,AMSY
24012634,"4803","1109","2026-01-26 17:23:05",53.411188,-2.968011,,Queen_Square_Bus_Station,Petherick_Road,"14",outbound,AMSY
24013028,"4803","1109","2026-01-26 17:23:16",53.411826,-2.967826,10,Queen_Square_Bus_Station,Petherick_Road,"14",outbound,AMSY
24013424,"4803","1109","2026-01-26 17:23:28",53.412333,-2.966601,54,Queen_Square_Bus_Station,Petherick_Road,"14",outbound,AMSY
24014617,"4803","1109","2026-01-26 17:23:59",53.413886,-2.963155,38,Queen_Square_Bus_Station,Petherick_Road,"14",outbound,AMSY
24015013,"4803","1109","2026-01-26 17:24:04",53.414181,-2.962673,26,Queen_Square_Bus_Station,Petherick_Road,"14",outbound,AMSY
24015411,"4803","1109","2026-01-26 17:24:24",53.414605,-2.962786,333,Queen_Square_Bus_Station,Petherick_Road,"14",outbound,AMSY
24017009,"4803","1109","2026-01-26 17:24:56",53.414728,-2.962781,10,Queen_Square_Bus_Station,Petherick_Road,"14",outbound,AMSY
24018218,"4803","1109","2026-01-26 17:25:27",53.415021,-2.963231,316,Queen_Square_Bus_Station,Petherick_Road,"14",outbound,AMSY
24019427,"4803","1109","2026-01-26 17:26:06",53.417128,-2.965976,318,Queen_Square_Bus_Station,Petherick_Road,"14",outbound,AMSY
24020237,"4803","1109","2026-01-26 17:26:22",53.41838,-2.967408,345,Queen_Square_Bus_Station,Petherick_Road,"14",outbound,AMSY
24021465,"4803","1109","2026-01-26 17:26:51",53.41922,-2.967635,345,Queen_Square_Bus_Station,Petherick_Road,"14",outbound,AMSY
24022279,"4803","1109","2026-01-26 17:27:13",53.419615,-2.967193,65,Queen_Square_Bus_Station,Petherick_Road,"14",outbound,AMSY
24023091,"4803","1109","2026-01-26 17:27:30",53.420486,-2.964636,32,Queen_Square_Bus_Station,Petherick_Road,"14",outbound,AMSY
24023499,"4803","1109","2026-01-26 17:27:38",53.42124,-2.963786,37,Queen_Square_Bus_Station,Petherick_Road,"14",outbound,AMSY
24024721,"4803","1109","2026-01-26 17:28:11",53.422265,-2.960526,64,Queen_Square_Bus_Station,Petherick_Road,"14",outbound,AMSY
24025943,"4803","1109","2026-01-26 17:28:44",53.422251,-2.960515,,Queen_Square_Bus_Station,Petherick_Road,"14",outbound,AMSY
24027570,"4803","1109","2026-01-26 17:29:07",53.422378,-2.960213,53,Queen_Square_Bus_Station,Petherick_Road,"14",outbound,AMSY
24028386,"4803","1109","2026-01-26 17:29:27",53.422671,-2.959643,39,Queen_Square_Bus_Station,Petherick_Road,"14",outbound,AMSY
24028789,"4803","1109","2026-01-26 17:29:50",53.422988,-2.959046,56,Queen_Square_Bus_Station,Petherick_Road,"14",outbound,AMSY
24029997,"4803","1109","2026-01-26 17:30:21",53.42323,-2.958593,56,Queen_Square_Bus_Station,Petherick_Road,"14",outbound,AMSY
24031609,"4803","1109","2026-01-26 17:31:04",53.424228,-2.955846,57,Queen_Square_Bus_Station,Petherick_Road,"14",outbound,AMSY
24032810,"4803","1109","2026-01-26 17:31:29",53.424658,-2.95462,54,Queen_Square_Bus_Station,Petherick_Road,"14",outbound,AMSY
24033211,"4803","1109","2026-01-26 17:31:34",53.424858,-2.954136,53,Queen_Square_Bus_Station,Petherick_Road,"14",outbound,AMSY
24033613,"4803","1109","2026-01-26 17:31:50",53.425736,-2.952808,38,Queen_Square_Bus_Station,Petherick_Road,"14",outbound,AMSY
24034414,"4803","1109","2026-01-26 17:32:08",53.426416,-2.951878,35,Queen_Square_Bus_Station,Petherick_Road,"14",outbound,AMSY
24035618,"4803","1109","2026-01-26 17:32:39",53.426503,-2.951818,,Queen_Square_Bus_Station,Petherick_Road,"14",outbound,AMSY
24036823,"4803","1109","2026-01-26 17:33:10",53.426731,-2.95145,40,Queen_Square_Bus_Station,Petherick_Road,"14",outbound,AMSY
24038031,"4803","1109","2026-01-26 17:33:43",53.427148,-2.950956,,Queen_Square_Bus_Station,Petherick_Road,"14",outbound,AMSY
24039631,"4803","1109","2026-01-26 17:34:16",53.427148,-2.950956,,Queen_Square_Bus_Station,Petherick_Road,"14",outbound,AMSY
24040032,"4803","1109","2026-01-26 17:34:32",53.428106,-2.949835,26,Queen_Square_Bus_Station,Petherick_Road,"14",outbound,AMSY
24041645,"4803","1109","2026-01-26 17:35:15",53.428846,-2.947956,62,Queen_Square_Bus_Station,Petherick_Road,"14",outbound,AMSY
24042853,"4803","1109","2026-01-26 17:35:44",53.429836,-2.945065,55,Queen_Square_Bus_Station,Petherick_Road,"14",outbound,AMSY
24043254,"4803","1109","2026-01-26 17:35:56",53.43041,-2.943905,44,Queen_Square_Bus_Station,Petherick_Road,"14",outbound,AMSY
24044051,"4803","1109","2026-01-26 17:36:15",53.431775,-2.941661,48,Queen_Square_Bus_Station,Petherick_Road,"14",outbound,AMSY
24044450,"4803","1109","2026-01-26 17:36:23",53.432311,-2.940556,62,Queen_Square_Bus_Station,Petherick_Road,"14",outbound,AMSY
24044849,"4803","1109","2026-01-26 17:36:34",53.433091,-2.939236,33,Queen_Square_Bus_Station,Petherick_Road,"14",outbound,AMSY
24045247,"4803","1109","2026-01-26 17:36:44",53.433726,-2.938171,49,Queen_Square_Bus_Station,Petherick_Road,"14",outbound,AMSY
24046443,"4803","1109","2026-01-26 17:37:09",53.434595,-2.935388,50,Queen_Square_Bus_Station,Petherick_Road,"14",outbound,AMSY
24047628,"4803","1109","2026-01-26 17:37:42",53.435476,-2.934155,38,Queen_Square_Bus_Station,Petherick_Road,"14",outbound,AMSY
24048798,"4803","1109","2026-01-26 17:38:14",53.43734,-2.932723,10,Queen_Square_Bus_Station,Petherick_Road,"14",outbound,AMSY
24049569,"4803","1109","2026-01-26 17:38:28",53.437691,-2.932653,2,Queen_Square_Bus_Station,Petherick_Road,"14",outbound,AMSY
24049955,"4803","1109","2026-01-26 17:38:39",53.437691,-2.932653,2,Queen_Square_Bus_Station,Petherick_Road,"14",outbound,AMSY
24050340,"4803","1109","2026-01-26 17:38:55",53.438218,-2.932606,358,Queen_Square_Bus_Station,Petherick_Road,"14",outbound,AMSY
24050726,"4803","1109","2026-01-26 17:39:00",53.438636,-2.93266,354,Queen_Square_Bus_Station,Petherick_Road,"14",outbound,AMSY
24051494,"4803","1109","2026-01-26 17:39:21",53.440861,-2.932705,7,Queen_Square_Bus_Station,Petherick_Road,"14",outbound,AMSY
24052266,"4803","1109","2026-01-26 17:39:39",53.44171,-2.932565,325,Queen_Square_Bus_Station,Petherick_Road,"14",outbound,AMSY
24052696,"4803","1109","2026-01-26 17:39:59",53.442393,-2.932106,49,Queen_Square_Bus_Station,Petherick_Road,"14",outbound,AMSY
24053845,"4803","1109","2026-01-26 17:40:32",53.4425,-2.931226,55,Queen_Square_Bus_Station,Petherick_Road,"14",outbound,AMSY
24055011,"4803","1109","2026-01-26 17:41:02",53.44292,-2.929721,63,Queen_Square_Bus_Station,Petherick_Road,"14",outbound,AMSY
24055398,"4803","1109","2026-01-26 17:41:12",53.443396,-2.928338,59,Queen_Square_Bus_Station,Petherick_Road,"14",outbound,AMSY
24056178,"4803","1109","2026-01-26 17:41:36",53.443788,-2.927055,63,Queen_Square_Bus_Station,Petherick_Road,"14",outbound,AMSY
24056571,"4803","1109","2026-01-26 17:41:42",53.444073,-2.926153,61,Queen_Square_Bus_Station,Petherick_Road,"14",outbound,AMSY
24057355,"4803","1109","2026-01-26 17:41:57",53.44494,-2.923366,60,Queen_Square_Bus_Station,Petherick_Road,"14",outbound,AMSY
24058138,"4803","1109","2026-01-26 17:42:17",53.445276,-2.922616,57,Queen_Square_Bus_Station,Petherick_Road,"14",outbound,AMSY
24058528,"4803","1109","2026-01-26 17:42:35",53.445456,-2.922,58,Queen_Square_Bus_Station,Petherick_Road,"14",outbound,AMSY
24058918,"4803","1109","2026-01-26 17:42:40",53.445658,-2.921483,56,Queen_Square_Bus_Station,Petherick_Road,"14",outbound,AMSY
24059698,"4803","1109","2026-01-26 17:42:58",53.446648,-2.919211,51,Queen_Square_Bus_Station,Petherick_Road,"14",outbound,AMSY
24060872,"4803","1109","2026-01-26 17:43:29",53.446865,-2.91878,54,Queen_Square_Bus_Station,Petherick_Road,"14",outbound,AMSY
24061656,"4803","1109","2026-01-26 17:43:46",53.447013,-2.918458,52,Queen_Square_Bus_Station,Petherick_Road,"14",outbound,AMSY
24062048,"4803","1109","2026-01-26 17:44:05",53.447485,-2.917418,50,Queen_Square_Bus_Station,Petherick_Road,"14",outbound,AMSY
24063618,"4803","1109","2026-01-26 17:44:38",53.448206,-2.915691,50,Queen_Square_Bus_Station,Petherick_Road,"14",outbound,AMSY
24064801,"4803","1109","2026-01-26 17:45:11",53.448206,-2.915691,,Queen_Square_Bus_Station,Petherick_Road,"14",outbound,AMSY
24065995,"4803","1109","2026-01-26 17:45:44",53.448206,-2.915691,,Queen_Square_Bus_Station,Petherick_Road,"14",outbound,AMSY
24067599,"4803","1109","2026-01-26 17:46:25",53.44864,-2.914713,51,Queen_Square_Bus_Station,Petherick_Road,"14",outbound,AMSY
24068402,"4803","1109","2026-01-26 17:46:36",53.449135,-2.913445,64,Queen_Square_Bus_Station,Petherick_Road,"14",outbound,AMSY
24069601,"4803","1109","2026-01-26 17:47:09",53.450426,-2.910525,53,Queen_Square_Bus_Station,Petherick_Road,"14",outbound,AMSY
24070401,"4803","1109","2026-01-26 17:47:30",53.450886,-2.909546,51,Queen_Square_Bus_Station,Petherick_Road,"14",outbound,AMSY
24070800,"4803","1109","2026-01-26 17:47:42",53.451018,-2.909235,59,Queen_Square_Bus_Station,Petherick_Road,"14",outbound,AMSY
24071198,"4803","1109","2026-01-26 17:47:50",53.451376,-2.908296,56,Queen_Square_Bus_Station,Petherick_Road,"14",outbound,AMSY
24071599,"4803","1109","2026-01-26 17:47:58",53.451936,-2.906953,56,Queen_Square_Bus_Station,Petherick_Road,"14",outbound,AMSY
24072401,"4803","1109","2026-01-26 17:48:23",53.452408,-2.90566,57,Queen_Square_Bus_Station,Petherick_Road,"14",outbound,AMSY
24072798,"4803","1109","2026-01-26 17:48:29",53.452595,-2.905183,56,Queen_Square_Bus_Station,Petherick_Road,"14",outbound,AMSY
24073996,"4803","1109","2026-01-26 17:49:00",53.452776,-2.904868,,Queen_Square_Bus_Station,Petherick_Road,"14",outbound,AMSY
24075180,"4803","1109","2026-01-26 17:49:30",53.453053,-2.90386,79,Queen_Square_Bus_Station,Petherick_Road,"14",outbound,AMSY
24075959,"4803","1109","2026-01-26 17:49:47",53.45313,-2.902996,72,Queen_Square_Bus_Station,Petherick_Road,"14",outbound,AMSY
24076350,"4803","1109","2026-01-26 17:50:01",53.453158,-2.902266,84,Queen_Square_Bus_Station,Petherick_Road,"14",outbound,AMSY
24076737,"4803","1109","2026-01-26 17:50:07",53.453263,-2.90126,75,Queen_Square_Bus_Station,Petherick_Road,"14",outbound,AMSY
24077125,"4803","1109","2026-01-26 17:50:20",53.453918,-2.899638,39,Queen_Square_Bus_Station,Petherick_Road,"14",outbound,AMSY
24078290,"4803","1109","2026-01-26 17:50:51",53.455145,-2.898728,22,Queen_Square_Bus_Station,Petherick_Road,"14",outbound,AMSY
24079446,"4803","1109","2026-01-26 17:51:18",53.455846,-2.898168,21,Queen_Square_Bus_Station,Petherick_Road,"14",outbound,AMSY
24080605,"4803","1109","2026-01-26 17:51:51",53.45668,-2.897481,23,Queen_Square_Bus_Station,Petherick_Road,"14",outbound,AMSY
24081378,"4803","1109","2026-01-26 17:52:11",53.457055,-2.896415,23,Queen_Square_Bus_Station,Petherick_Road,"14",outbound,AMSY
24082539,"4803","1109","2026-01-26 17:52:46",53.457846,-2.895881,24,Queen_Square_Bus_Station,Petherick_Road,"14",outbound,AMSY
24082924,"4803","1109","2026-01-26 17:52:52",53.458325,-2.895573,15,Queen_Square_Bus_Station,Petherick_Road,"14",outbound,AMSY
24083308,"4803","1109","2026-01-26 17:53:01",53.459236,-2.89496,21,Queen_Square_Bus_Station,Petherick_Road,"14",outbound,AMSY
24083694,"4803","1109","2026-01-26 17:53:08",53.459971,-2.894353,29,Queen_Square_Bus_Station,Petherick_Road,"14",outbound,AMSY
24084856,"4803","1109","2026-01-26 17:53:39",53.461265,-2.894446,316,Queen_Square_Bus_Station,Petherick_Road,"14",outbound,AMSY
24085244,"4803","1109","2026-01-26 17:53:55",53.461716,-2.894885,338,Queen_Square_Bus_Station,Petherick_Road,"14",outbound,AMSY
23806982,"4836","1089","2026-01-26 15:55:12",53.447185,-2.91799,58,Queen_Square_Bus_Station,Petherick_Road,"14",outbound,AMSY
23807381,"4836","1089","2026-01-26 15:55:19",53.44748,-2.91731,53,Queen_Square_Bus_Station,Petherick_Road,"14",outbound,AMSY
23808971,"4836","1089","2026-01-26 15:55:52",53.448048,-2.916501,,Queen_Square_Bus_Station,Petherick_Road,"14",outbound,AMSY
23810157,"4836","1089","2026-01-26 15:56:31",53.448685,-2.914796,54,Queen_Square_Bus_Station,Petherick_Road,"14",outbound,AMSY
23811344,"4836","1089","2026-01-26 15:57:02",53.44875,-2.914596,,Queen_Square_Bus_Station,Petherick_Road,"14",outbound,AMSY
23812916,"4836","1089","2026-01-26 15:57:35",53.44875,-2.914596,,Queen_Square_Bus_Station,Petherick_Road,"14",outbound,AMSY
23814100,"4836","1089","2026-01-26 15:58:09",53.44875,-2.914596,,Queen_Square_Bus_Station,Petherick_Road,"14",outbound,AMSY
23815283,"4836","1089","2026-01-26 15:58:40",53.448748,-2.914545,,Queen_Square_Bus_Station,Petherick_Road,"14",outbound,AMSY
23816841,"4836","1089","2026-01-26 15:59:13",53.448706,-2.914526,,Queen_Square_Bus_Station,Petherick_Road,"14",outbound,AMSY
23817625,"4836","1089","2026-01-26 15:59:44",53.448706,-2.914526,,Queen_Square_Bus_Station,Petherick_Road,"14",outbound,AMSY
23818504,"4836","1089","2026-01-26 16:00:15",53.448716,-2.914486,63,Queen_Square_Bus_Station,Petherick_Road,"14",outbound,AMSY
23819297,"4836","1089","2026-01-26 16:00:26",53.449153,-2.913511,62,Queen_Square_Bus_Station,Petherick_Road,"14",outbound,AMSY
23820089,"4836","1089","2026-01-26 16:00:56",53.450513,-2.910421,52,Queen_Square_Bus_Station,Petherick_Road,"14",outbound,AMSY
23821277,"4836","1089","2026-01-26 16:01:34",53.451485,-2.908551,54,Queen_Square_Bus_Station,Petherick_Road,"14",outbound,AMSY
23821672,"4836","1089","2026-01-26 16:01:45",53.452063,-2.907061,55,Queen_Square_Bus_Station,Petherick_Road,"14",outbound,AMSY
23823238,"4836","1089","2026-01-26 16:02:17",53.452438,-2.905775,68,Queen_Square_Bus_Station,Petherick_Road,"14",outbound,AMSY
23823627,"4836","1089","2026-01-26 16:02:27",53.452648,-2.905246,52,Queen_Square_Bus_Station,Petherick_Road,"14",outbound,AMSY
23824788,"4836","1089","2026-01-26 16:02:58",53.452846,-2.904645,,Queen_Square_Bus_Station,Petherick_Road,"14",outbound,AMSY
23825961,"4836","1089","2026-01-26 16:03:31",53.452855,-2.904586,,Queen_Square_Bus_Station,Petherick_Road,"14",outbound,AMSY
23826746,"4836","1089","2026-01-26 16:03:47",53.453161,-2.90381,77,Queen_Square_Bus_Station,Petherick_Road,"14",outbound,AMSY
23827921,"4836","1089","2026-01-26 16:04:11",53.453198,-2.902996,81,Queen_Square_Bus_Station,Petherick_Road,"14",outbound,AMSY
23828316,"4836","1089","2026-01-26 16:04:34",53.453228,-2.901851,81,Queen_Square_Bus_Station,Petherick_Road,"14",outbound,AMSY
23829503,"4836","1089","2026-01-26 16:04:52",53.453905,-2.899665,37,Queen_Square_Bus_Station,Petherick_Road,"14",outbound,AMSY
23830298,"4836","1089","2026-01-26 16:05:21",53.454708,-2.898978,23,Queen_Square_Bus_Station,Petherick_Road,"14",outbound,AMSY
23830696,"4836","1089","2026-01-26 16:05:27",53.455128,-2.898705,24,Queen_Square_Bus_Station,Petherick_Road,"14",outbound,AMSY
23831092,"4836","1089","2026-01-26 16:05:36",53.455886,-2.898116,23,Queen_Square_Bus_Station,Petherick_Road,"14",outbound,AMSY
23832288,"4836","1089","2026-01-26 16:06:08",53.456851,-2.896671,107,Queen_Square_Bus_Station,Petherick_Road,"14",outbound,AMSY
23832686,"4836","1089","2026-01-26 16:06:14",53.457013,-2.896398,23,Queen_Square_Bus_Station,Petherick_Road,"14",outbound,AMSY
23833083,"4836","1089","2026-01-26 16:06:25",53.457843,-2.89585,24,Queen_Square_Bus_Station,Petherick_Road,"14",outbound,AMSY
23833878,"4836","1089","2026-01-26 16:06:44",53.459245,-2.894886,23,Queen_Square_Bus_Station,Petherick_Road,"14",outbound,AMSY
23834670,"4836","1089","2026-01-26 16:07:15",53.459886,-2.894495,29,Queen_Square_Bus_Station,Petherick_Road,"14",outbound,AMSY
23835063,"4836","1089","2026-01-26 16:07:17",53.46003,-2.894351,27,Queen_Square_Bus_Station,Petherick_Road,"14",outbound,AMSY
23836241,"4836","1089","2026-01-26 16:07:49",53.461646,-2.8947,332,Queen_Square_Bus_Station,Petherick_Road,"14",outbound,AMSY
23919599,"4836","1105","2026-01-26 16:43:24",53.406735,-2.984873,,Queen_Square_Bus_Station,Petherick_Road,"14",outbound,AMSY
23919985,"4836","1105","2026-01-26 16:43:42",53.407341,-2.984285,350,Queen_Square_Bus_Station,Petherick_Road,"14",outbound,AMSY
23921536,"4836","1105","2026-01-26 16:44:15",53.407341,-2.984285,,Queen_Square_Bus_Station,Petherick_Road,"14",outbound,AMSY
23921921,"4836","1105","2026-01-26 16:44:34",53.407653,-2.983825,103,Queen_Square_Bus_Station,Petherick_Road,"14",outbound,AMSY
23922308,"4836","1105","2026-01-26 16:44:35",53.407628,-2.983688,109,Queen_Square_Bus_Station,Petherick_Road,"14",outbound,AMSY
23923472,"4836","1105","2026-01-26 16:45:04",53.407585,-2.982093,34,Queen_Square_Bus_Station,Petherick_Road,"14",outbound,AMSY
23923860,"4836","1105","2026-01-26 16:45:11",53.407585,-2.982093,34,Queen_Square_Bus_Station,Petherick_Road,"14",outbound,AMSY
23924637,"4836","1105","2026-01-26 16:45:32",53.407585,-2.982093,,Queen_Square_Bus_Station,Petherick_Road,"14",outbound,AMSY
23925026,"4836","1105","2026-01-26 16:45:36",53.407585,-2.982093,,Queen_Square_Bus_Station,Petherick_Road,"14",outbound,AMSY
23925413,"4836","1105","2026-01-26 16:45:51",53.407585,-2.982093,,Queen_Square_Bus_Station,Petherick_Road,"14",outbound,AMSY
23926583,"4836","1105","2026-01-26 16:46:05",53.407585,-2.982093,,Queen_Square_Bus_Station,Petherick_Road,"14",outbound,AMSY
23926975,"4836","1105","2026-01-26 16:46:31",53.407585,-2.982093,,Queen_Square_Bus_Station,Petherick_Road,"14",outbound,AMSY
23927761,"4836","1105","2026-01-26 16:46:43",53.407585,-2.982093,,Queen_Square_Bus_Station,Petherick_Road,"14",outbound,AMSY
23928549,"4836","1105","2026-01-26 16:47:02",53.407585,-2.982093,,Queen_Square_Bus_Station,Petherick_Road,"14",outbound,AMSY
23928942,"4836","1105","2026-01-26 16:47:22",53.407585,-2.982093,,Queen_Square_Bus_Station,Petherick_Road,"14",outbound,AMSY
23929723,"4836","1105","2026-01-26 16:47:53",53.407636,-2.982111,34,Queen_Square_Bus_Station,Petherick_Road,"14",outbound,AMSY
23930503,"4836","1105","2026-01-26 16:48:09",53.40795,-2.981463,46,Queen_Square_Bus_Station,Petherick_Road,"14",outbound,AMSY
23932066,"4836","1105","2026-01-26 16:48:42",53.407956,-2.981466,,Queen_Square_Bus_Station,Petherick_Road,"14",outbound,AMSY
23933240,"4836","1105","2026-01-26 16:49:15",53.407956,-2.981466,,Queen_Square_Bus_Station,Petherick_Road,"14",outbound,AMSY
23934426,"4836","1105","2026-01-26 16:49:48",53.407973,-2.981408,68,Queen_Square_Bus_Station,Petherick_Road,"14",outbound,AMSY
23935611,"4836","1105","2026-01-26 16:50:20",53.408373,-2.97906,13,Queen_Square_Bus_Station,Petherick_Road,"14",outbound,AMSY
23936797,"4836","1105","2026-01-26 16:50:51",53.409473,-2.977505,88,Queen_Square_Bus_Station,Petherick_Road,"14",outbound,AMSY
23938385,"4836","1105","2026-01-26 16:51:24",53.409408,-2.975538,83,Queen_Square_Bus_Station,Petherick_Road,"14",outbound,AMSY
23939568,"4836","1105","2026-01-26 16:51:55",53.409406,-2.975361,,Queen_Square_Bus_Station,Petherick_Road,"14",outbound,AMSY
23940743,"4836","1105","2026-01-26 16:52:28",53.409406,-2.975361,,Queen_Square_Bus_Station,Petherick_Road,"14",outbound,AMSY
23941914,"4836","1105","2026-01-26 16:52:59",53.409406,-2.975361,,Queen_Square_Bus_Station,Petherick_Road,"14",outbound,AMSY
23942695,"4836","1105","2026-01-26 16:53:25",53.409313,-2.973613,102,Queen_Square_Bus_Station,Petherick_Road,"14",outbound,AMSY
23943478,"4836","1105","2026-01-26 16:53:39",53.409255,-2.973058,72,Queen_Square_Bus_Station,Petherick_Road,"14",outbound,AMSY
23943868,"4836","1105","2026-01-26 16:53:42",53.409246,-2.97307,72,Queen_Square_Bus_Station,Petherick_Road,"14",outbound,AMSY
23944260,"4836","1105","2026-01-26 16:53:46",53.40926,-2.973098,72,Queen_Square_Bus_Station,Petherick_Road,"14",outbound,AMSY
23944651,"4836","1105","2026-01-26 16:54:10",53.409121,-2.9718,96,Queen_Square_Bus_Station,Petherick_Road,"14",outbound,AMSY
23945825,"4836","1105","2026-01-26 16:54:42",53.409593,-2.970803,51,Queen_Square_Bus_Station,Petherick_Road,"14",outbound,AMSY
23946609,"4836","1105","2026-01-26 16:54:53",53.409981,-2.970215,55,Queen_Square_Bus_Station,Petherick_Road,"14",outbound,AMSY
23947003,"4836","1105","2026-01-26 16:55:14",53.410165,-2.969315,67,Queen_Square_Bus_Station,Petherick_Road,"14",outbound,AMSY
23948577,"4836","1105","2026-01-26 16:55:47",53.410248,-2.96902,60,Queen_Square_Bus_Station,Petherick_Road,"14",outbound,AMSY
23949761,"4836","1105","2026-01-26 16:56:18",53.41036,-2.96875,,Queen_Square_Bus_Station,Petherick_Road,"14",outbound,AMSY
23950955,"4836","1105","2026-01-26 16:56:51",53.410413,-2.968531,62,Queen_Square_Bus_Station,Petherick_Road,"14",outbound,AMSY
23952144,"4836","1105","2026-01-26 16:57:22",53.410368,-2.968466,,Queen_Square_Bus_Station,Petherick_Road,"14",outbound,AMSY
23953326,"4836","1105","2026-01-26 16:57:55",53.410471,-2.968071,72,Queen_Square_Bus_Station,Petherick_Road,"14",outbound,AMSY
23954895,"4836","1105","2026-01-26 16:58:26",53.411356,-2.967713,356,Queen_Square_Bus_Station,Petherick_Road,"14",outbound,AMSY
23956071,"4836","1105","2026-01-26 16:58:57",53.411351,-2.9677,,Queen_Square_Bus_Station,Petherick_Road,"14",outbound,AMSY
23956859,"4836","1105","2026-01-26 16:59:27",53.412321,-2.966483,53,Queen_Square_Bus_Station,Petherick_Road,"14",outbound,AMSY
23958339,"4836","1105","2026-01-26 16:59:58",53.413406,-2.964178,52,Queen_Square_Bus_Station,Petherick_Road,"14",outbound,AMSY
23958734,"4836","1105","2026-01-26 17:00:11",53.414198,-2.962936,39,Queen_Square_Bus_Station,Petherick_Road,"14",outbound,AMSY
23959527,"4836","1105","2026-01-26 17:00:24",53.415056,-2.963136,319,Queen_Square_Bus_Station,Petherick_Road,"14",outbound,AMSY
23960321,"4836","1105","2026-01-26 17:00:48",53.416498,-2.965081,323,Queen_Square_Bus_Station,Petherick_Road,"14",outbound,AMSY
23961517,"4836","1105","2026-01-26 17:01:19",53.417125,-2.966001,320,Queen_Square_Bus_Station,Petherick_Road,"14",outbound,AMSY
23961913,"4836","1105","2026-01-26 17:01:33",53.418336,-2.96732,343,Queen_Square_Bus_Station,Petherick_Road,"14",outbound,AMSY
23963110,"4836","1105","2026-01-26 17:01:59",53.419201,-2.967585,353,Queen_Square_Bus_Station,Petherick_Road,"14",outbound,AMSY
23963904,"4836","1105","2026-01-26 17:02:20",53.419483,-2.967653,23,Queen_Square_Bus_Station,Petherick_Road,"14",outbound,AMSY
23965091,"4836","1105","2026-01-26 17:02:49",53.420515,-2.964608,35,Queen_Square_Bus_Station,Petherick_Road,"14",outbound,AMSY
23965489,"4836","1105","2026-01-26 17:02:57",53.421196,-2.963841,38,Queen_Square_Bus_Station,Petherick_Road,"14",outbound,AMSY
23966684,"4836","1105","2026-01-26 17:03:29",53.422186,-2.960928,62,Queen_Square_Bus_Station,Petherick_Road,"14",outbound,AMSY
23967886,"4836","1105","2026-01-26 17:04:02",53.422203,-2.960875,73,Queen_Square_Bus_Station,Petherick_Road,"14",outbound,AMSY
23968678,"4836","1105","2026-01-26 17:04:11",53.42239,-2.960218,55,Queen_Square_Bus_Station,Petherick_Road,"14",outbound,AMSY
23969465,"4836","1105","2026-01-26 17:04:39",53.422666,-2.959636,44,Queen_Square_Bus_Station,Petherick_Road,"14",outbound,AMSY
23969860,"4836","1105","2026-01-26 17:04:46",53.422666,-2.959636,,Queen_Square_Bus_Station,Petherick_Road,"14",outbound,AMSY
23970254,"4836","1105","2026-01-26 17:04:49",53.422666,-2.959636,,Queen_Square_Bus_Station,Petherick_Road,"14",outbound,AMSY
23970646,"4836","1105","2026-01-26 17:05:10",53.42331,-2.95832,55,Queen_Square_Bus_Station,Petherick_Road,"14",outbound,AMSY
23971430,"4836","1105","2026-01-26 17:05:26",53.424198,-2.955933,56,Queen_Square_Bus_Station,Petherick_Road,"14",outbound,AMSY
23972214,"4836","1105","2026-01-26 17:05:49",53.424573,-2.955041,50,Queen_Square_Bus_Station,Petherick_Road,"14",outbound,AMSY
23973393,"4836","1105","2026-01-26 17:06:23",53.424655,-2.95491,69,Queen_Square_Bus_Station,Petherick_Road,"14",outbound,AMSY
23973789,"4836","1105","2026-01-26 17:06:33",53.42506,-2.954021,42,Queen_Square_Bus_Station,Petherick_Road,"14",outbound,AMSY
23974579,"4836","1105","2026-01-26 17:06:43",53.425816,-2.953005,31,Queen_Square_Bus_Station,Petherick_Road,"14",outbound,AMSY
23975372,"4836","1105","2026-01-26 17:07:15",53.42612,-2.95256,31,Queen_Square_Bus_Station,Petherick_Road,"14",outbound,AMSY
23975768,"4836","1105","2026-01-26 17:07:20",53.426323,-2.952313,33,Queen_Square_Bus_Station,Petherick_Road,"14",outbound,AMSY
23976166,"4836","1105","2026-01-26 17:07:24",53.426493,-2.952006,37,Queen_Square_Bus_Station,Petherick_Road,"14",outbound,AMSY
23977346,"4836","1105","2026-01-26 17:07:57",53.426595,-2.951796,,Queen_Square_Bus_Station,Petherick_Road,"14",outbound,AMSY
23978517,"4836","1105","2026-01-26 17:08:28",53.427163,-2.950958,39,Queen_Square_Bus_Station,Petherick_Road,"14",outbound,AMSY
23979692,"4836","1105","2026-01-26 17:08:59",53.427843,-2.950193,30,Queen_Square_Bus_Station,Petherick_Road,"14",outbound,AMSY
23980861,"4836","1105","2026-01-26 17:09:32",53.427848,-2.95018,30,Queen_Square_Bus_Station,Petherick_Road,"14",outbound,AMSY
23981252,"4836","1105","2026-01-26 17:09:39",53.428143,-2.949813,31,Queen_Square_Bus_Station,Petherick_Road,"14",outbound,AMSY
23981655,"4836","1105","2026-01-26 17:09:54",53.428511,-2.949281,44,Queen_Square_Bus_Station,Petherick_Road,"14",outbound,AMSY
23982437,"4836","1105","2026-01-26 17:10:20",53.428881,-2.948193,60,Queen_Square_Bus_Station,Petherick_Road,"14",outbound,AMSY
23983591,"4836","1105","2026-01-26 17:10:52",53.429521,-2.945963,58,Queen_Square_Bus_Station,Petherick_Road,"14",outbound,AMSY
23983976,"4836","1105","2026-01-26 17:11:01",53.429891,-2.945128,50,Queen_Square_Bus_Station,Petherick_Road,"14",outbound,AMSY
23985133,"4836","1105","2026-01-26 17:11:33",53.43054,-2.943958,45,Queen_Square_Bus_Station,Petherick_Road,"14",outbound,AMSY
23985520,"4836","1105","2026-01-26 17:11:38",53.430846,-2.943395,37,Queen_Square_Bus_Station,Petherick_Road,"14",outbound,AMSY
23985908,"4836","1105","2026-01-26 17:11:49",53.43184,-2.941748,46,Queen_Square_Bus_Station,Petherick_Road,"14",outbound,AMSY
23987062,"4836","1105","2026-01-26 17:12:22",53.433121,-2.939353,34,Queen_Square_Bus_Station,Petherick_Road,"14",outbound,AMSY
23987835,"4836","1105","2026-01-26 17:12:42",53.433761,-2.938335,50,Queen_Square_Bus_Station,Petherick_Road,"14",outbound,AMSY
23988220,"4836","1105","2026-01-26 17:12:50",53.434026,-2.937671,56,Queen_Square_Bus_Station,Petherick_Road,"14",outbound,AMSY
23989389,"4836","1105","2026-01-26 17:13:21",53.434105,-2.937245,67,Queen_Square_Bus_Station,Petherick_Road,"14",outbound,AMSY
23990174,"4836","1105","2026-01-26 17:13:33",53.434625,-2.935485,53,Queen_Square_Bus_Station,Petherick_Road,"14",outbound,AMSY
23990565,"4836","1105","2026-01-26 17:13:52",53.435051,-2.934823,31,Queen_Square_Bus_Station,Petherick_Road,"14",outbound,AMSY
23990956,"4836","1105","2026-01-26 17:14:04",53.43525,-2.934498,42,Queen_Square_Bus_Station,Petherick_Road,"14",outbound,AMSY
23991345,"4836","1105","2026-01-26 17:14:09",53.435573,-2.934076,40,Queen_Square_Bus_Station,Petherick_Road,"14",outbound,AMSY
23992521,"4836","1105","2026-01-26 17:14:41",53.43662,-2.933093,4,Queen_Square_Bus_Station,Petherick_Road,"14",outbound,AMSY
23994102,"4836","1105","2026-01-26 17:15:14",53.43662,-2.933093,,Queen_Square_Bus_Station,Petherick_Road,"14",outbound,AMSY
23994898,"4836","1105","2026-01-26 17:15:41",53.43734,-2.932681,13,Queen_Square_Bus_Station,Petherick_Road,"14",outbound,AMSY
23995292,"4836","1105","2026-01-26 17:15:52",53.43784,-2.932641,338,Queen_Square_Bus_Station,Petherick_Road,"14",outbound,AMSY
23995685,"4836","1105","2026-01-26 17:15:59",53.43784,-2.932641,338,Queen_Square_Bus_Station,Petherick_Road,"14",outbound,AMSY
23996470,"4836","1105","2026-01-26 17:16:20",53.43859,-2.932691,353,Queen_Square_Bus_Station,Petherick_Road,"14",outbound,AMSY
23997249,"4836","1105","2026-01-26 17:16:43",53.440803,-2.93273,8,Queen_Square_Bus_Station,Petherick_Road,"14",outbound,AMSY
23998821,"4836","1105","2026-01-26 17:17:16",53.441308,-2.932606,,Queen_Square_Bus_Station,Petherick_Road,"14",outbound,AMSY
24000002,"4836","1105","2026-01-26 17:17:47",53.441306,-2.932621,,Queen_Square_Bus_Station,Petherick_Road,"14",outbound,AMSY
24000792,"4836","1105","2026-01-26 17:18:18",53.441306,-2.932621,,Queen_Square_Bus_Station,Petherick_Road,"14",outbound,AMSY
24002383,"4836","1105","2026-01-26 17:18:49",53.441306,-2.932621,,Queen_Square_Bus_Station,Petherick_Road,"14",outbound,AMSY
24003568,"4836","1105","2026-01-26 17:19:22",53.441306,-2.932621,,Queen_Square_Bus_Station,Petherick_Road,"14",outbound,AMSY
24004755,"4836","1105","2026-01-26 17:19:53",53.441306,-2.932621,,Queen_Square_Bus_Station,Petherick_Road,"14",outbound,AMSY
24005942,"4836","1105","2026-01-26 17:20:24",53.441296,-2.932621,,Queen_Square_Bus_Station,Petherick_Road,"14",outbound,AMSY
24007522,"4836","1105","2026-01-26 17:20:58",53.441296,-2.932621,,Queen_Square_Bus_Station,Petherick_Road,"14",outbound,AMSY
24008708,"4836","1105","2026-01-26 17:21:31",53.441296,-2.932621,,Queen_Square_Bus_Station,Petherick_Road,"14",outbound,AMSY
24009888,"4836","1105","2026-01-26 17:22:02",53.441306,-2.932593,,Queen_Square_Bus_Station,Petherick_Road,"14",outbound,AMSY
24011071,"4836","1105","2026-01-26 17:22:36",53.441306,-2.932593,,Queen_Square_Bus_Station,Petherick_Road,"14",outbound,AMSY
24012656,"4836","1105","2026-01-26 17:23:09",53.441295,-2.932606,,Queen_Square_Bus_Station,Petherick_Road,"14",outbound,AMSY
24013050,"4836","1105","2026-01-26 17:23:22",53.441285,-2.932611,,Queen_Square_Bus_Station,Petherick_Road,"14",outbound,AMSY
24017435,"4836","1105","2026-01-26 17:25:08",53.441896,-2.932836,,Queen_Square_Bus_Station,Petherick_Road,"14",outbound,AMSY
24017839,"4836","1105","2026-01-26 17:25:18",53.441991,-2.93266,75,Queen_Square_Bus_Station,Petherick_Road,"14",outbound,AMSY
24018241,"4836","1105","2026-01-26 17:25:30",53.442433,-2.932151,61,Queen_Square_Bus_Station,Petherick_Road,"14",outbound,AMSY
24018643,"4836","1105","2026-01-26 17:25:37",53.44242,-2.931591,83,Queen_Square_Bus_Station,Petherick_Road,"14",outbound,AMSY
24019450,"4836","1105","2026-01-26 17:25:52",53.442631,-2.930945,52,Queen_Square_Bus_Station,Petherick_Road,"14",outbound,AMSY
24019854,"4836","1105","2026-01-26 17:26:10",53.442675,-2.930681,67,Queen_Square_Bus_Station,Petherick_Road,"14",outbound,AMSY
24021078,"4836","1105","2026-01-26 17:26:37",53.443418,-2.928456,58,Queen_Square_Bus_Station,Petherick_Road,"14",outbound,AMSY
24021488,"4836","1105","2026-01-26 17:26:49",53.443733,-2.927643,47,Queen_Square_Bus_Station,Petherick_Road,"14",outbound,AMSY
24022302,"4836","1105","2026-01-26 17:27:16",53.44408,-2.926538,61,Queen_Square_Bus_Station,Petherick_Road,"14",outbound,AMSY
24023521,"4836","1105","2026-01-26 17:27:39",53.445083,-2.923433,58,Queen_Square_Bus_Station,Petherick_Road,"14",outbound,AMSY
24024743,"4836","1105","2026-01-26 17:28:15",53.445633,-2.921598,56,Queen_Square_Bus_Station,Petherick_Road,"14",outbound,AMSY
24025557,"4836","1105","2026-01-26 17:28:35",53.446668,-2.919265,52,Queen_Square_Bus_Station,Petherick_Road,"14",outbound,AMSY
24027592,"4836","1105","2026-01-26 17:29:06",53.447096,-2.918261,66,Queen_Square_Bus_Station,Petherick_Road,"14",outbound,AMSY
24028000,"4836","1105","2026-01-26 17:29:08",53.447181,-2.918026,55,Queen_Square_Bus_Station,Petherick_Road,"14",outbound,AMSY
24028408,"4836","1105","2026-01-26 17:29:15",53.44741,-2.917465,54,Queen_Square_Bus_Station,Petherick_Road,"14",outbound,AMSY
24028811,"4836","1105","2026-01-26 17:29:48",53.447591,-2.917115,,Queen_Square_Bus_Station,Petherick_Road,"14",outbound,AMSY
24030020,"4836","1105","2026-01-26 17:30:19",53.448123,-2.916026,51,Queen_Square_Bus_Station,Petherick_Road,"14",outbound,AMSY
24031230,"4836","1105","2026-01-26 17:30:50",53.448433,-2.915241,57,Queen_Square_Bus_Station,Petherick_Road,"14",outbound,AMSY
24032431,"4836","1105","2026-01-26 17:31:20",53.448433,-2.915241,,Queen_Square_Bus_Station,Petherick_Road,"14",outbound,AMSY
24033635,"4836","1105","2026-01-26 17:31:51",53.448433,-2.915241,,Queen_Square_Bus_Station,Petherick_Road,"14",outbound,AMSY
24034837,"4836","1105","2026-01-26 17:32:24",53.448433,-2.915241,,Queen_Square_Bus_Station,Petherick_Road,"14",outbound,AMSY
24036041,"4836","1105","2026-01-26 17:32:55",53.448433,-2.915241,,Queen_Square_Bus_Station,Petherick_Road,"14",outbound,AMSY
24037652,"4836","1105","2026-01-26 17:33:28",53.448433,-2.915241,,Queen_Square_Bus_Station,Petherick_Road,"14",outbound,AMSY
24038054,"4836","1105","2026-01-26 17:33:40",53.448725,-2.914731,53,Queen_Square_Bus_Station,Petherick_Road,"14",outbound,AMSY
24038455,"4836","1105","2026-01-26 17:33:52",53.449205,-2.913535,65,Queen_Square_Bus_Station,Petherick_Road,"14",outbound,AMSY
24039654,"4836","1105","2026-01-26 17:34:24",53.450553,-2.91059,53,Queen_Square_Bus_Station,Petherick_Road,"14",outbound,AMSY
24040862,"4836","1105","2026-01-26 17:34:51",53.451056,-2.909271,58,Queen_Square_Bus_Station,Petherick_Road,"14",outbound,AMSY
24041265,"4836","1105","2026-01-26 17:34:59",53.451341,-2.908598,56,Queen_Square_Bus_Station,Petherick_Road,"14",outbound,AMSY
24041668,"4836","1105","2026-01-26 17:35:11",53.451985,-2.907061,56,Queen_Square_Bus_Station,Petherick_Road,"14",outbound,AMSY
24042876,"4836","1105","2026-01-26 17:35:43",53.452281,-2.906246,59,Queen_Square_Bus_Station,Petherick_Road,"14",outbound,AMSY
24043276,"4836","1105","2026-01-26 17:35:54",53.45257,-2.905403,54,Queen_Square_Bus_Station,Petherick_Road,"14",outbound,AMSY
24044472,"4836","1105","2026-01-26 17:36:25",53.452775,-2.904996,54,Queen_Square_Bus_Station,Petherick_Road,"14",outbound,AMSY
24044871,"4836","1105","2026-01-26 17:36:37",53.453136,-2.903781,81,Queen_Square_Bus_Station,Petherick_Road,"14",outbound,AMSY
24046066,"4836","1105","2026-01-26 17:37:05",53.45324,-2.902341,84,Queen_Square_Bus_Station,Petherick_Road,"14",outbound,AMSY
24046465,"4836","1105","2026-01-26 17:37:10",53.453295,-2.901704,78,Queen_Square_Bus_Station,Petherick_Road,"14",outbound,AMSY
24047258,"4836","1105","2026-01-26 17:37:27",53.453935,-2.899753,39,Queen_Square_Bus_Station,Petherick_Road,"14",outbound,AMSY
24047650,"4836","1105","2026-01-26 17:37:42",53.455061,-2.89881,23,Queen_Square_Bus_Station,Petherick_Road,"14",outbound,AMSY
24048821,"4836","1105","2026-01-26 17:38:13",53.456205,-2.897856,24,Queen_Square_Bus_Station,Petherick_Road,"14",outbound,AMSY
24050363,"4836","1105","2026-01-26 17:38:46",53.456713,-2.896833,106,Queen_Square_Bus_Station,Petherick_Road,"14",outbound,AMSY
24050749,"4836","1105","2026-01-26 17:38:59",53.45707,-2.896428,23,Queen_Square_Bus_Station,Petherick_Road,"14",outbound,AMSY
24051517,"4836","1105","2026-01-26 17:39:25",53.457855,-2.895821,27,Queen_Square_Bus_Station,Petherick_Road,"14",outbound,AMSY
24051903,"4836","1105","2026-01-26 17:39:31",53.458261,-2.895555,16,Queen_Square_Bus_Station,Petherick_Road,"14",outbound,AMSY
24052289,"4836","1105","2026-01-26 17:39:43",53.459211,-2.894958,20,Queen_Square_Bus_Station,Petherick_Road,"14",outbound,AMSY
24053100,"4836","1105","2026-01-26 17:40:15",53.460285,-2.89407,29,Queen_Square_Bus_Station,Petherick_Road,"14",outbound,AMSY
24054644,"4836","1105","2026-01-26 17:40:46",53.461045,-2.894045,291,Queen_Square_Bus_Station,Petherick_Road,"14",outbound,AMSY
24055034,"4836","1105","2026-01-26 17:40:59",53.461728,-2.894873,337,Queen_Square_Bus_Station,Petherick_Road,"14",outbound,AMSY
24055421,"4836","1105","2026-01-26 17:41:07",53.462205,-2.895206,,Queen_Square_Bus_Station,Petherick_Road,"14",outbound,AMSY
23888657,"4841","1101","2026-01-26 16:30:11",53.407446,-2.982446,119,Liverpool,Croxteth__Willow_Way_or_Kirkby,"14",outbound,AMSY
23889442,"4841","1101","2026-01-26 16:30:24",53.40761,-2.982066,45,Queen_Square_Bus_Station,Petherick_Road,"14",outbound,AMSY
23890627,"4841","1101","2026-01-26 16:30:54",53.407623,-2.982041,,Queen_Square_Bus_Station,Petherick_Road,"14",outbound,AMSY
23891020,"4841","1101","2026-01-26 16:31:07",53.407623,-2.982041,,Queen_Square_Bus_Station,Petherick_Road,"14",outbound,AMSY
23891410,"4841","1101","2026-01-26 16:31:10",53.407623,-2.982041,,Queen_Square_Bus_Station,Petherick_Road,"14",outbound,AMSY
23891800,"4841","1101","2026-01-26 16:31:29",53.407595,-2.982065,,Queen_Square_Bus_Station,Petherick_Road,"14",outbound,AMSY
23892192,"4841","1101","2026-01-26 16:31:38",53.407571,-2.982123,,Queen_Square_Bus_Station,Petherick_Road,"14",outbound,AMSY
23892582,"4841","1101","2026-01-26 16:31:46",53.407566,-2.982138,,Queen_Square_Bus_Station,Petherick_Road,"14",outbound,AMSY
23892972,"4841","1101","2026-01-26 16:32:02",53.40759,-2.982153,,Queen_Square_Bus_Station,Petherick_Road,"14",outbound,AMSY
23893361,"4841","1101","2026-01-26 16:32:06",53.407588,-2.982126,,Queen_Square_Bus_Station,Petherick_Road,"14",outbound,AMSY
23893748,"4841","1101","2026-01-26 16:32:24",53.40762,-2.982073,,Queen_Square_Bus_Station,Petherick_Road,"14",outbound,AMSY
23894136,"4841","1101","2026-01-26 16:32:29",53.40762,-2.982073,,Queen_Square_Bus_Station,Petherick_Road,"14",outbound,AMSY
23894526,"4841","1101","2026-01-26 16:32:37",53.40762,-2.982091,,Queen_Square_Bus_Station,Petherick_Road,"14",outbound,AMSY
23894921,"4841","1101","2026-01-26 16:32:43",53.40762,-2.982091,,Queen_Square_Bus_Station,Petherick_Road,"14",outbound,AMSY
23896101,"4841","1101","2026-01-26 16:33:16",53.40764,-2.982061,,Queen_Square_Bus_Station,Petherick_Road,"14",outbound,AMSY
23896495,"4841","1101","2026-01-26 16:33:32",53.407595,-2.982095,,Queen_Square_Bus_Station,Petherick_Road,"14",outbound,AMSY
23897286,"4841","1101","2026-01-26 16:33:51",53.4076,-2.982101,,Queen_Square_Bus_Station,Petherick_Road,"14",outbound,AMSY
23897681,"4841","1101","2026-01-26 16:33:58",53.4076,-2.982081,,Queen_Square_Bus_Station,Petherick_Road,"14",outbound,AMSY
23898076,"4841","1101","2026-01-26 16:34:04",53.4076,-2.982081,,Queen_Square_Bus_Station,Petherick_Road,"14",outbound,AMSY
23898471,"4841","1101","2026-01-26 16:34:17",53.407605,-2.982066,,Queen_Square_Bus_Station,Petherick_Road,"14",outbound,AMSY
23899650,"4841","1101","2026-01-26 16:34:49",53.407605,-2.982095,,Queen_Square_Bus_Station,Petherick_Road,"14",outbound,AMSY
23900043,"4841","1101","2026-01-26 16:34:58",53.407625,-2.982061,,Queen_Square_Bus_Station,Petherick_Road,"14",outbound,AMSY
23901223,"4841","1101","2026-01-26 16:35:27",53.407788,-2.981475,35,Queen_Square_Bus_Station,Petherick_Road,"14",outbound,AMSY
23902003,"4841","1101","2026-01-26 16:35:51",53.407935,-2.981366,52,Queen_Square_Bus_Station,Petherick_Road,"14",outbound,AMSY
23903175,"4841","1101","2026-01-26 16:36:23",53.407803,-2.979541,17,Queen_Square_Bus_Station,Petherick_Road,"14",outbound,AMSY
23904724,"4841","1101","2026-01-26 16:36:56",53.407803,-2.979541,,Queen_Square_Bus_Station,Petherick_Road,"14",outbound,AMSY
23905885,"4841","1101","2026-01-26 16:37:29",53.409053,-2.978593,15,Queen_Square_Bus_Station,Petherick_Road,"14",outbound,AMSY
23907041,"4841","1101","2026-01-26 16:38:02",53.409476,-2.976565,71,Queen_Square_Bus_Station,Petherick_Road,"14",outbound,AMSY
23908195,"4841","1101","2026-01-26 16:38:33",53.40952,-2.976438,27,Queen_Square_Bus_Station,Petherick_Road,"14",outbound,AMSY
23909744,"4841","1101","2026-01-26 16:39:06",53.409465,-2.975566,82,Queen_Square_Bus_Station,Petherick_Road,"14",outbound,AMSY
23910918,"4841","1101","2026-01-26 16:39:39",53.409433,-2.97529,,Queen_Square_Bus_Station,Petherick_Road,"14",outbound,AMSY
23911781,"4841","1101","2026-01-26 16:40:12",53.409423,-2.975216,,Queen_Square_Bus_Station,Petherick_Road,"14",outbound,AMSY
23913345,"4841","1101","2026-01-26 16:40:45",53.40943,-2.975155,,Queen_Square_Bus_Station,Petherick_Road,"14",outbound,AMSY
23913736,"4841","1101","2026-01-26 16:41:05",53.409306,-2.973708,104,Queen_Square_Bus_Station,Petherick_Road,"14",outbound,AMSY
23914519,"4841","1101","2026-01-26 16:41:16",53.409233,-2.973121,92,Queen_Square_Bus_Station,Petherick_Road,"14",outbound,AMSY
23914909,"4841","1101","2026-01-26 16:41:26",53.409233,-2.973121,92,Queen_Square_Bus_Station,Petherick_Road,"14",outbound,AMSY
23915299,"4841","1101","2026-01-26 16:41:33",53.409233,-2.973121,,Queen_Square_Bus_Station,Petherick_Road,"14",outbound,AMSY
23916082,"4841","1101","2026-01-26 16:42:02",53.409163,-2.972001,97,Queen_Square_Bus_Station,Petherick_Road,"14",outbound,AMSY
23917256,"4841","1101","2026-01-26 16:42:33",53.409038,-2.970548,94,Queen_Square_Bus_Station,Petherick_Road,"14",outbound,AMSY
23918430,"4841","1101","2026-01-26 16:42:58",53.409798,-2.970573,52,Queen_Square_Bus_Station,Petherick_Road,"14",outbound,AMSY
23919603,"4841","1101","2026-01-26 16:43:31",53.410033,-2.969786,74,Queen_Square_Bus_Station,Petherick_Road,"14",outbound,AMSY
23919989,"4841","1101","2026-01-26 16:43:36",53.410058,-2.969548,53,Queen_Square_Bus_Station,Petherick_Road,"14",outbound,AMSY
23921154,"4841","1101","2026-01-26 16:44:07",53.410276,-2.968941,65,Queen_Square_Bus_Station,Petherick_Road,"14",outbound,AMSY
23922312,"4841","1101","2026-01-26 16:44:40",53.410276,-2.96897,,Queen_Square_Bus_Station,Petherick_Road,"14",outbound,AMSY
23923476,"4841","1101","2026-01-26 16:45:13",53.410275,-2.96873,,Queen_Square_Bus_Station,Petherick_Road,"14",outbound,AMSY
23924641,"4841","1101","2026-01-26 16:45:44",53.410326,-2.96875,,Queen_Square_Bus_Station,Petherick_Road,"14",outbound,AMSY
23925806,"4841","1101","2026-01-26 16:46:17",53.410365,-2.968293,67,Queen_Square_Bus_Station,Petherick_Road,"14",outbound,AMSY
23927373,"4841","1101","2026-01-26 16:46:50",53.410521,-2.967656,6,Queen_Square_Bus_Station,Petherick_Road,"14",outbound,AMSY
23928553,"4841","1101","2026-01-26 16:47:23",53.410526,-2.967576,352,Queen_Square_Bus_Station,Petherick_Road,"14",outbound,AMSY
23929727,"4841","1101","2026-01-26 16:47:56",53.411135,-2.967775,,Queen_Square_Bus_Station,Petherick_Road,"14",outbound,AMSY
23931288,"4841","1101","2026-01-26 16:48:29",53.411135,-2.967775,,Queen_Square_Bus_Station,Petherick_Road,"14",outbound,AMSY
23932461,"4841","1101","2026-01-26 16:49:02",53.4113,-2.967828,,Queen_Square_Bus_Station,Petherick_Road,"14",outbound,AMSY
23933244,"4841","1101","2026-01-26 16:49:20",53.41179,-2.967745,1,Queen_Square_Bus_Station,Petherick_Road,"14",outbound,AMSY
23934430,"4841","1101","2026-01-26 16:49:53",53.4121,-2.967331,76,Queen_Square_Bus_Station,Petherick_Road,"14",outbound,AMSY
23934825,"4841","1101","2026-01-26 16:50:04",53.412206,-2.966876,72,Queen_Square_Bus_Station,Petherick_Road,"14",outbound,AMSY
23935615,"4841","1101","2026-01-26 16:50:21",53.412325,-2.966555,55,Queen_Square_Bus_Station,Petherick_Road,"14",outbound,AMSY
23936801,"4841","1101","2026-01-26 16:50:53",53.412733,-2.965659,53,Queen_Square_Bus_Station,Petherick_Road,"14",outbound,AMSY
23938389,"4841","1101","2026-01-26 16:51:26",53.413305,-2.964363,47,Queen_Square_Bus_Station,Petherick_Road,"14",outbound,AMSY
23939572,"4841","1101","2026-01-26 16:52:00",53.414175,-2.962818,40,Queen_Square_Bus_Station,Petherick_Road,"14",outbound,AMSY
23940747,"4841","1101","2026-01-26 16:52:33",53.414926,-2.962958,313,Queen_Square_Bus_Station,Petherick_Road,"14",outbound,AMSY
23941138,"4841","1101","2026-01-26 16:52:37",53.415091,-2.963238,314,Queen_Square_Bus_Station,Petherick_Road,"14",outbound,AMSY
23942307,"4841","1101","2026-01-26 16:53:09",53.415571,-2.96389,333,Queen_Square_Bus_Station,Petherick_Road,"14",outbound,AMSY
23943482,"4841","1101","2026-01-26 16:53:42",53.415993,-2.964398,313,Queen_Square_Bus_Station,Petherick_Road,"14",outbound,AMSY
23943872,"4841","1101","2026-01-26 16:53:51",53.416528,-2.965068,325,Queen_Square_Bus_Station,Petherick_Road,"14",outbound,AMSY
23944264,"4841","1101","2026-01-26 16:54:00",53.417203,-2.96589,317,Queen_Square_Bus_Station,Petherick_Road,"14",outbound,AMSY
23944655,"4841","1101","2026-01-26 16:54:16",53.418393,-2.967303,347,Queen_Square_Bus_Station,Petherick_Road,"14",outbound,AMSY
23945829,"4841","1101","2026-01-26 16:54:36",53.418901,-2.967505,346,Queen_Square_Bus_Station,Petherick_Road,"14",outbound,AMSY
23946613,"4841","1101","2026-01-26 16:55:04",53.41954,-2.967641,26,Queen_Square_Bus_Station,Petherick_Road,"14",outbound,AMSY
23947793,"4841","1101","2026-01-26 16:55:30",53.420496,-2.964698,33,Queen_Square_Bus_Station,Petherick_Road,"14",outbound,AMSY
23948188,"4841","1101","2026-01-26 16:55:47",53.421213,-2.963918,38,Queen_Square_Bus_Station,Petherick_Road,"14",outbound,AMSY
23949369,"4841","1101","2026-01-26 16:56:06",53.421213,-2.963918,,Queen_Square_Bus_Station,Petherick_Road,"14",outbound,AMSY
23949765,"4841","1101","2026-01-26 16:56:16",53.421208,-2.963878,73,Queen_Square_Bus_Station,Petherick_Road,"14",outbound,AMSY
23950162,"4841","1101","2026-01-26 16:56:27",53.421628,-2.963121,51,Queen_Square_Bus_Station,Petherick_Road,"14",outbound,AMSY
23951357,"4841","1101","2026-01-26 16:56:58",53.422046,-2.961816,81,Queen_Square_Bus_Station,Petherick_Road,"14",outbound,AMSY
23951752,"4841","1101","2026-01-26 16:57:12",53.422433,-2.960265,58,Queen_Square_Bus_Station,Petherick_Road,"14",outbound,AMSY
23952937,"4841","1101","2026-01-26 16:57:41",53.422716,-2.95967,56,Queen_Square_Bus_Station,Petherick_Road,"14",outbound,AMSY
23953330,"4841","1101","2026-01-26 16:57:50",53.422716,-2.95967,,Queen_Square_Bus_Station,Petherick_Road,"14",outbound,AMSY
23954509,"4841","1101","2026-01-26 16:58:15",53.423035,-2.958933,54,Queen_Square_Bus_Station,Petherick_Road,"14",outbound,AMSY
23955291,"4841","1101","2026-01-26 16:58:47",53.424251,-2.955901,48,Queen_Square_Bus_Station,Petherick_Road,"14",outbound,AMSY
23956469,"4841","1101","2026-01-26 16:59:08",53.424478,-2.955303,58,Queen_Square_Bus_Station,Petherick_Road,"14",outbound,AMSY
23957652,"4841","1101","2026-01-26 16:59:40",53.424613,-2.954938,56,Queen_Square_Bus_Station,Petherick_Road,"14",outbound,AMSY
23958738,"4841","1101","2026-01-26 17:00:12",53.424856,-2.954291,44,Queen_Square_Bus_Station,Petherick_Road,"14",outbound,AMSY
23959531,"4841","1101","2026-01-26 17:00:32",53.425766,-2.952863,41,Queen_Square_Bus_Station,Petherick_Road,"14",outbound,AMSY
23960725,"4841","1101","2026-01-26 17:01:05",53.426658,-2.951563,34,Queen_Square_Bus_Station,Petherick_Road,"14",outbound,AMSY
23961917,"4841","1101","2026-01-26 17:01:37",53.426856,-2.951321,,Queen_Square_Bus_Station,Petherick_Road,"14",outbound,AMSY
23963509,"4841","1101","2026-01-26 17:02:10",53.427465,-2.950503,36,Queen_Square_Bus_Station,Petherick_Road,"14",outbound,AMSY
23963908,"4841","1101","2026-01-26 17:02:21",53.4281,-2.949795,27,Queen_Square_Bus_Station,Petherick_Road,"14",outbound,AMSY
23965095,"4841","1101","2026-01-26 17:02:53",53.428481,-2.949288,,Queen_Square_Bus_Station,Petherick_Road,"14",outbound,AMSY
23965493,"4841","1101","2026-01-26 17:02:58",53.428481,-2.949288,,Queen_Square_Bus_Station,Petherick_Road,"14",outbound,AMSY
23965889,"4841","1101","2026-01-26 17:03:15",53.42873,-2.948658,60,Queen_Square_Bus_Station,Petherick_Road,"14",outbound,AMSY
23966289,"4841","1101","2026-01-26 17:03:19",53.42887,-2.948233,59,Queen_Square_Bus_Station,Petherick_Road,"14",outbound,AMSY
23967089,"4841","1101","2026-01-26 17:03:47",53.429896,-2.945171,52,Queen_Square_Bus_Station,Petherick_Road,"14",outbound,AMSY
23968682,"4841","1101","2026-01-26 17:04:26",53.430593,-2.943683,39,Queen_Square_Bus_Station,Petherick_Road,"14",outbound,AMSY
23969469,"4841","1101","2026-01-26 17:04:44",53.43181,-2.941706,46,Queen_Square_Bus_Station,Petherick_Road,"14",outbound,AMSY
23970650,"4841","1101","2026-01-26 17:05:16",53.43234,-2.940531,61,Queen_Square_Bus_Station,Petherick_Road,"14",outbound,AMSY
23971043,"4841","1101","2026-01-26 17:05:19",53.432468,-2.940183,51,Queen_Square_Bus_Station,Petherick_Road,"14",outbound,AMSY
23971434,"4841","1101","2026-01-26 17:05:29",53.43314,-2.939293,34,Queen_Square_Bus_Station,Petherick_Road,"14",outbound,AMSY
23972217,"4841","1101","2026-01-26 17:05:56",53.43373,-2.93824,59,Queen_Square_Bus_Station,Petherick_Road,"14",outbound,AMSY
23972610,"4841","1101","2026-01-26 17:06:03",53.43405,-2.93737,61,Queen_Square_Bus_Station,Petherick_Road,"14",outbound,AMSY
23973396,"4841","1101","2026-01-26 17:06:17",53.434646,-2.935473,53,Queen_Square_Bus_Station,Petherick_Road,"14",outbound,AMSY
23974582,"4841","1101","2026-01-26 17:06:55",53.435563,-2.934091,34,Queen_Square_Bus_Station,Petherick_Road,"14",outbound,AMSY
23976169,"4841","1101","2026-01-26 17:07:28",53.435996,-2.9336,12,Queen_Square_Bus_Station,Petherick_Road,"14",outbound,AMSY
23976957,"4841","1101","2026-01-26 17:07:55",53.43738,-2.932718,12,Queen_Square_Bus_Station,Petherick_Road,"14",outbound,AMSY
23978130,"4841","1101","2026-01-26 17:08:25",53.438215,-2.932641,357,Queen_Square_Bus_Station,Petherick_Road,"14",outbound,AMSY
23978520,"4841","1101","2026-01-26 17:08:30",53.438493,-2.932695,351,Queen_Square_Bus_Station,Petherick_Road,"14",outbound,AMSY
23979303,"4841","1101","2026-01-26 17:08:53",53.440855,-2.932743,6,Queen_Square_Bus_Station,Petherick_Road,"14",outbound,AMSY
23980475,"4841","1101","2026-01-26 17:09:25",53.441408,-2.93253,16,Queen_Square_Bus_Station,Petherick_Road,"14",outbound,AMSY
23980865,"4841","1101","2026-01-26 17:09:34",53.441726,-2.932608,323,Queen_Square_Bus_Station,Petherick_Road,"14",outbound,AMSY
23981659,"4841","1101","2026-01-26 17:10:04",53.442401,-2.932146,48,Queen_Square_Bus_Station,Petherick_Road,"14",outbound,AMSY
23982441,"4841","1101","2026-01-26 17:10:20",53.44273,-2.930656,61,Queen_Square_Bus_Station,Petherick_Road,"14",outbound,AMSY
23983595,"4841","1101","2026-01-26 17:10:44",53.443456,-2.928486,61,Queen_Square_Bus_Station,Petherick_Road,"14",outbound,AMSY
23984364,"4841","1101","2026-01-26 17:11:11",53.443741,-2.927708,64,Queen_Square_Bus_Station,Petherick_Road,"14",outbound,AMSY
23985137,"4841","1101","2026-01-26 17:11:35",53.443876,-2.927133,57,Queen_Square_Bus_Station,Petherick_Road,"14",outbound,AMSY
23986683,"4841","1101","2026-01-26 17:12:08",53.445071,-2.923933,56,Queen_Square_Bus_Station,Petherick_Road,"14",outbound,AMSY
23987066,"4841","1101","2026-01-26 17:12:12",53.445208,-2.923499,62,Queen_Square_Bus_Station,Petherick_Road,"14",outbound,AMSY
23987839,"4841","1101","2026-01-26 17:12:46",53.445571,-2.922308,54,Queen_Square_Bus_Station,Petherick_Road,"14",outbound,AMSY
23988224,"4841","1101","2026-01-26 17:12:50",53.445768,-2.921803,52,Queen_Square_Bus_Station,Petherick_Road,"14",outbound,AMSY
23989001,"4841","1101","2026-01-26 17:13:11",53.44675,-2.919296,51,Queen_Square_Bus_Station,Petherick_Road,"14",outbound,AMSY
23990178,"4841","1101","2026-01-26 17:13:44",53.447016,-2.918618,52,Queen_Square_Bus_Station,Petherick_Road,"14",outbound,AMSY
23991349,"4841","1101","2026-01-26 17:14:12",53.447218,-2.918031,54,Queen_Square_Bus_Station,Petherick_Road,"14",outbound,AMSY
23991741,"4841","1101","2026-01-26 17:14:18",53.447468,-2.917503,52,Queen_Square_Bus_Station,Petherick_Road,"14",outbound,AMSY
23992920,"4841","1101","2026-01-26 17:14:50",53.44831,-2.915618,58,Queen_Square_Bus_Station,Petherick_Road,"14",outbound,AMSY
23994106,"4841","1101","2026-01-26 17:15:21",53.44831,-2.915618,,Queen_Square_Bus_Station,Petherick_Road,"14",outbound,AMSY
23995296,"4841","1101","2026-01-26 17:15:54",53.44831,-2.915618,,Queen_Square_Bus_Station,Petherick_Road,"14",outbound,AMSY
23996474,"4841","1101","2026-01-26 17:16:27",53.448388,-2.91547,,Queen_Square_Bus_Station,Petherick_Road,"14",outbound,AMSY
23998035,"4841","1101","2026-01-26 17:17:00",53.448386,-2.915486,,Queen_Square_Bus_Station,Petherick_Road,"14",outbound,AMSY
23999219,"4841","1101","2026-01-26 17:17:30",53.448716,-2.91472,54,Queen_Square_Bus_Station,Petherick_Road,"14",outbound,AMSY
23999611,"4841","1101","2026-01-26 17:17:42",53.449201,-2.913475,65,Queen_Square_Bus_Station,Petherick_Road,"14",outbound,AMSY
24000796,"4841","1101","2026-01-26 17:18:14",53.450563,-2.91044,52,Queen_Square_Bus_Station,Petherick_Road,"14",outbound,AMSY
24001989,"4841","1101","2026-01-26 17:18:48",53.45108,-2.90923,58,Queen_Square_Bus_Station,Petherick_Road,"14",outbound,AMSY
24002782,"4841","1101","2026-01-26 17:18:56",53.451396,-2.908458,56,Queen_Square_Bus_Station,Petherick_Road,"14",outbound,AMSY
24003178,"4841","1101","2026-01-26 17:19:11",53.451966,-2.906966,55,Queen_Square_Bus_Station,Petherick_Road,"14",outbound,AMSY
24003572,"4841","1101","2026-01-26 17:19:23",53.452443,-2.905763,56,Queen_Square_Bus_Station,Petherick_Road,"14",outbound,AMSY
24004759,"4841","1101","2026-01-26 17:19:55",53.452768,-2.904946,,Queen_Square_Bus_Station,Petherick_Road,"14",outbound,AMSY
24006340,"4841","1101","2026-01-26 17:20:31",53.453093,-2.903831,83,Queen_Square_Bus_Station,Petherick_Road,"14",outbound,AMSY
24007924,"4841","1101","2026-01-26 17:21:07",53.453226,-2.901968,82,Queen_Square_Bus_Station,Petherick_Road,"14",outbound,AMSY
24008319,"4841","1101","2026-01-26 17:21:26",53.453925,-2.899758,38,Queen_Square_Bus_Station,Petherick_Road,"14",outbound,AMSY
24009498,"4841","1101","2026-01-26 17:21:55",53.454705,-2.899016,20,Queen_Square_Bus_Station,Petherick_Road,"14",outbound,AMSY
24009892,"4841","1101","2026-01-26 17:22:00",53.455075,-2.898791,22,Queen_Square_Bus_Station,Petherick_Road,"14",outbound,AMSY
24011075,"4841","1101","2026-01-26 17:22:33",53.456166,-2.89795,24,Queen_Square_Bus_Station,Petherick_Road,"14",outbound,AMSY
24012262,"4841","1101","2026-01-26 17:23:04",53.45692,-2.896598,25,Queen_Square_Bus_Station,Petherick_Road,"14",outbound,AMSY
24012660,"4841","1101","2026-01-26 17:23:06",53.457033,-2.896486,24,Queen_Square_Bus_Station,Petherick_Road,"14",outbound,AMSY
24013847,"4841","1101","2026-01-26 17:23:39",53.458126,-2.895645,16,Queen_Square_Bus_Station,Petherick_Road,"14",outbound,AMSY
24014245,"4841","1101","2026-01-26 17:23:53",53.459225,-2.89495,23,Queen_Square_Bus_Station,Petherick_Road,"14",outbound,AMSY
24015437,"4841","1101","2026-01-26 17:24:26",53.460271,-2.893961,26,Queen_Square_Bus_Station,Petherick_Road,"14",outbound,AMSY
24017036,"4841","1101","2026-01-26 17:24:59",53.460995,-2.893743,300,Queen_Square_Bus_Station,Petherick_Road,"14",outbound,AMSY
24017843,"4841","1101","2026-01-26 17:25:18",53.46171,-2.894841,338,Queen_Square_Bus_Station,Petherick_Road,"14",outbound,AMSY
24018245,"4841","1101","2026-01-26 17:25:27",53.462081,-2.895076,,Queen_Square_Bus_Station,Petherick_Road,"14",outbound,AMSY
24134750,"4841","1117","2026-01-26 18:15:56",53.407515,-2.982961,,Liverpool,Croxteth__Willow_Way_or_Kirkby,"14",outbound,AMSY
24136188,"4841","1117","2026-01-26 18:16:26",53.407671,-2.98225,3,Queen_Square_Bus_Station,Petherick_Road,"14",outbound,AMSY
24136545,"4841","1117","2026-01-26 18:16:40",53.407671,-2.98225,,Queen_Square_Bus_Station,Petherick_Road,"14",outbound,AMSY
24136900,"4841","1117","2026-01-26 18:16:51",53.407671,-2.98225,,Queen_Square_Bus_Station,Petherick_Road,"14",outbound,AMSY
24137257,"4841","1117","2026-01-26 18:16:57",53.407671,-2.98225,,Queen_Square_Bus_Station,Petherick_Road,"14",outbound,AMSY
24138326,"4841","1117","2026-01-26 18:17:29",53.407783,-2.981521,51,Queen_Square_Bus_Station,Petherick_Road,"14",outbound,AMSY
24139043,"4841","1117","2026-01-26 18:17:51",53.407863,-2.981353,65,Queen_Square_Bus_Station,Petherick_Road,"14",outbound,AMSY
24139401,"4841","1117","2026-01-26 18:18:01",53.408021,-2.980751,101,Queen_Square_Bus_Station,Petherick_Road,"14",outbound,AMSY
24140473,"4841","1117","2026-01-26 18:18:32",53.407915,-2.98064,,Queen_Square_Bus_Station,Petherick_Road,"14",outbound,AMSY
24141555,"4841","1117","2026-01-26 18:19:03",53.40824,-2.979073,23,Queen_Square_Bus_Station,Petherick_Road,"14",outbound,AMSY
24142627,"4841","1117","2026-01-26 18:19:36",53.409458,-2.977185,96,Queen_Square_Bus_Station,Petherick_Road,"14",outbound,AMSY
23829905,"4842","1097","2026-01-26 16:05:08",53.407555,-2.98339,,Liverpool,Croxteth__Willow_Way_or_Kirkby,"14",outbound,AMSY
23831493,"4842","1097","2026-01-26 16:05:41",53.407515,-2.98337,,Queen_Square_Bus_Station,Petherick_Road,"14",outbound,AMSY
23832691,"4842","1097","2026-01-26 16:06:14",53.407523,-2.983353,,Queen_Square_Bus_Station,Petherick_Road,"14",outbound,AMSY
23833883,"4842","1097","2026-01-26 16:06:47",53.407571,-2.9833,,Queen_Square_Bus_Station,Petherick_Road,"14",outbound,AMSY
23835068,"4842","1097","2026-01-26 16:07:20",53.407596,-2.983068,,Queen_Square_Bus_Station,Petherick_Road,"14",outbound,AMSY
23836638,"4842","1097","2026-01-26 16:07:53",53.407548,-2.983071,,Queen_Square_Bus_Station,Petherick_Road,"14",outbound,AMSY
23837426,"4842","1097","2026-01-26 16:08:20",53.407473,-2.982275,64,Queen_Square_Bus_Station,Petherick_Road,"14",outbound,AMSY
23838599,"4842","1097","2026-01-26 16:08:53",53.40784,-2.981375,61,Queen_Square_Bus_Station,Petherick_Road,"14",outbound,AMSY
23840150,"4842","1097","2026-01-26 16:09:26",53.40784,-2.981375,,Queen_Square_Bus_Station,Petherick_Road,"14",outbound,AMSY
23840927,"4842","1097","2026-01-26 16:09:48",53.407851,-2.98136,61,Queen_Square_Bus_Station,Petherick_Road,"14",outbound,AMSY
23842086,"4842","1097","2026-01-26 16:10:20",53.408863,-2.978785,17,Queen_Square_Bus_Station,Petherick_Road,"14",outbound,AMSY
23843246,"4842","1097","2026-01-26 16:10:51",53.409291,-2.978616,23,Queen_Square_Bus_Station,Petherick_Road,"14",outbound,AMSY
23844421,"4842","1097","2026-01-26 16:11:24",53.40945,-2.976548,81,Queen_Square_Bus_Station,Petherick_Road,"14",outbound,AMSY
23846000,"4842","1097","2026-01-26 16:11:57",53.409425,-2.975823,81,Queen_Square_Bus_Station,Petherick_Road,"14",outbound,AMSY
23846790,"4842","1097","2026-01-26 16:12:16",53.409336,-2.973661,101,Queen_Square_Bus_Station,Petherick_Road,"14",outbound,AMSY
23847184,"4842","1097","2026-01-26 16:12:31",53.409261,-2.973186,86,Queen_Square_Bus_Station,Petherick_Road,"14",outbound,AMSY
23847966,"4842","1097","2026-01-26 16:12:36",53.409261,-2.973186,86,Queen_Square_Bus_Station,Petherick_Road,"14",outbound,AMSY
23848356,"4842","1097","2026-01-26 16:12:59",53.40915,-2.972258,51,Queen_Square_Bus_Station,Petherick_Road,"14",outbound,AMSY
23849530,"4842","1097","2026-01-26 16:13:30",53.409088,-2.972241,,Queen_Square_Bus_Station,Petherick_Road,"14",outbound,AMSY
23850698,"4842","1097","2026-01-26 16:14:03",53.409045,-2.971078,95,Queen_Square_Bus_Station,Petherick_Road,"14",outbound,AMSY
23851475,"4842","1097","2026-01-26 16:14:24",53.409815,-2.970565,50,Queen_Square_Bus_Station,Petherick_Road,"14",outbound,AMSY
23852253,"4842","1097","2026-01-26 16:14:39",53.410025,-2.970066,46,Queen_Square_Bus_Station,Petherick_Road,"14",outbound,AMSY
23852644,"4842","1097","2026-01-26 16:14:47",53.410025,-2.970066,46,Queen_Square_Bus_Station,Petherick_Road,"14",outbound,AMSY
23853036,"4842","1097","2026-01-26 16:15:02",53.410025,-2.970066,,Queen_Square_Bus_Station,Petherick_Road,"14",outbound,AMSY
23854212,"4842","1097","2026-01-26 16:15:34",53.409968,-2.969818,74,Queen_Square_Bus_Station,Petherick_Road,"14",outbound,AMSY
23854605,"4842","1097","2026-01-26 16:15:42",53.409988,-2.969725,80,Queen_Square_Bus_Station,Petherick_Road,"14",outbound,AMSY
23856172,"4842","1097","2026-01-26 16:16:13",53.409988,-2.96937,34,Queen_Square_Bus_Station,Petherick_Road,"14",outbound,AMSY
23857332,"4842","1097","2026-01-26 16:16:46",53.410005,-2.969401,,Queen_Square_Bus_Station,Petherick_Road,"14",outbound,AMSY
23858477,"4842","1097","2026-01-26 16:17:19",53.410145,-2.969165,63,Queen_Square_Bus_Station,Petherick_Road,"14",outbound,AMSY
23859623,"4842","1097","2026-01-26 16:17:52",53.41037,-2.969084,60,Queen_Square_Bus_Station,Petherick_Road,"14",outbound,AMSY
23860396,"4842","1097","2026-01-26 16:18:04",53.410406,-2.968365,68,Queen_Square_Bus_Station,Petherick_Road,"14",outbound,AMSY
23861558,"4842","1097","2026-01-26 16:18:37",53.410461,-2.968098,,Queen_Square_Bus_Station,Petherick_Road,"14",outbound,AMSY
23862730,"4842","1097","2026-01-26 16:19:10",53.410453,-2.968091,,Queen_Square_Bus_Station,Petherick_Road,"14",outbound,AMSY
23863901,"4842","1097","2026-01-26 16:19:43",53.410671,-2.96754,5,Queen_Square_Bus_Station,Petherick_Road,"14",outbound,AMSY
23865448,"4842","1097","2026-01-26 16:20:16",53.41114,-2.967631,,Queen_Square_Bus_Station,Petherick_Road,"14",outbound,AMSY
23866619,"4842","1097","2026-01-26 16:20:49",53.411095,-2.967841,225,Queen_Square_Bus_Station,Petherick_Road,"14",outbound,AMSY
23867787,"4842","1097","2026-01-26 16:21:18",53.411888,-2.967848,32,Queen_Square_Bus_Station,Petherick_Road,"14",outbound,AMSY
23868178,"4842","1097","2026-01-26 16:21:31",53.412383,-2.966518,57,Queen_Square_Bus_Station,Petherick_Road,"14",outbound,AMSY
23869361,"4842","1097","2026-01-26 16:22:02",53.413998,-2.96304,38,Queen_Square_Bus_Station,Petherick_Road,"14",outbound,AMSY
23870158,"4842","1097","2026-01-26 16:22:17",53.414605,-2.96279,2,Queen_Square_Bus_Station,Petherick_Road,"14",outbound,AMSY
23870557,"4842","1097","2026-01-26 16:22:28",53.414616,-2.962786,2,Queen_Square_Bus_Station,Petherick_Road,"14",outbound,AMSY
23871359,"4842","1097","2026-01-26 16:22:49",53.415333,-2.963648,320,Queen_Square_Bus_Station,Petherick_Road,"14",outbound,AMSY
23872154,"4842","1097","2026-01-26 16:23:05",53.41653,-2.96509,322,Queen_Square_Bus_Station,Petherick_Road,"14",outbound,AMSY
23872553,"4842","1097","2026-01-26 16:23:14",53.417161,-2.965973,319,Queen_Square_Bus_Station,Petherick_Road,"14",outbound,AMSY
23872951,"4842","1097","2026-01-26 16:23:30",53.41835,-2.967358,346,Queen_Square_Bus_Station,Petherick_Road,"14",outbound,AMSY
23873754,"4842","1097","2026-01-26 16:23:50",53.4189,-2.967516,359,Queen_Square_Bus_Station,Petherick_Road,"14",outbound,AMSY
23874156,"4842","1097","2026-01-26 16:23:55",53.418908,-2.96751,359,Queen_Square_Bus_Station,Petherick_Road,"14",outbound,AMSY
23874557,"4842","1097","2026-01-26 16:24:13",53.418891,-2.967528,,Queen_Square_Bus_Station,Petherick_Road,"14",outbound,AMSY
23874956,"4842","1097","2026-01-26 16:24:16",53.418891,-2.967528,,Queen_Square_Bus_Station,Petherick_Road,"14",outbound,AMSY
23875349,"4842","1097","2026-01-26 16:24:34",53.419233,-2.96761,344,Queen_Square_Bus_Station,Petherick_Road,"14",outbound,AMSY
23875743,"4842","1097","2026-01-26 16:24:38",53.41944,-2.967658,9,Queen_Square_Bus_Station,Petherick_Road,"14",outbound,AMSY
23876527,"4842","1097","2026-01-26 16:25:01",53.420468,-2.964616,35,Queen_Square_Bus_Station,Petherick_Road,"14",outbound,AMSY
23877309,"4842","1097","2026-01-26 16:25:19",53.421201,-2.963916,30,Queen_Square_Bus_Station,Petherick_Road,"14",outbound,AMSY
23877699,"4842","1097","2026-01-26 16:25:27",53.421216,-2.963898,48,Queen_Square_Bus_Station,Petherick_Road,"14",outbound,AMSY
23878087,"4842","1097","2026-01-26 16:25:38",53.42174,-2.96291,58,Queen_Square_Bus_Station,Petherick_Road,"14",outbound,AMSY
23879256,"4842","1097","2026-01-26 16:26:09",53.42241,-2.96016,57,Queen_Square_Bus_Station,Petherick_Road,"14",outbound,AMSY
23880031,"4842","1097","2026-01-26 16:26:28",53.422661,-2.95972,50,Queen_Square_Bus_Station,Petherick_Road,"14",outbound,AMSY
23880419,"4842","1097","2026-01-26 16:26:40",53.422661,-2.95972,,Queen_Square_Bus_Station,Petherick_Road,"14",outbound,AMSY
23881194,"4842","1097","2026-01-26 16:27:05",53.422661,-2.95972,,Queen_Square_Bus_Station,Petherick_Road,"14",outbound,AMSY
23881972,"4842","1097","2026-01-26 16:27:25",53.423101,-2.95878,52,Queen_Square_Bus_Station,Petherick_Road,"14",outbound,AMSY
23883143,"4842","1097","2026-01-26 16:27:50",53.424293,-2.95585,55,Queen_Square_Bus_Station,Petherick_Road,"14",outbound,AMSY
23883925,"4842","1097","2026-01-26 16:28:05",53.4245,-2.955226,48,Queen_Square_Bus_Station,Petherick_Road,"14",outbound,AMSY
23884316,"4842","1097","2026-01-26 16:28:19",53.424703,-2.954646,54,Queen_Square_Bus_Station,Petherick_Road,"14",outbound,AMSY
23884708,"4842","1097","2026-01-26 16:28:25",53.424851,-2.954295,45,Queen_Square_Bus_Station,Petherick_Road,"14",outbound,AMSY
23885890,"4842","1097","2026-01-26 16:28:56",53.425116,-2.954085,38,Queen_Square_Bus_Station,Petherick_Road,"14",outbound,AMSY
23887080,"4842","1097","2026-01-26 16:29:28",53.425753,-2.952918,38,Queen_Square_Bus_Station,Petherick_Road,"14",outbound,AMSY
23888264,"4842","1097","2026-01-26 16:29:59",53.425821,-2.952745,,Queen_Square_Bus_Station,Petherick_Road,"14",outbound,AMSY
23889050,"4842","1097","2026-01-26 16:30:18",53.426211,-2.952175,41,Queen_Square_Bus_Station,Petherick_Road,"14",outbound,AMSY
23890233,"4842","1097","2026-01-26 16:30:50",53.426305,-2.952098,36,Queen_Square_Bus_Station,Petherick_Road,"14",outbound,AMSY
23891411,"4842","1097","2026-01-26 16:31:23",53.426378,-2.95202,44,Queen_Square_Bus_Station,Petherick_Road,"14",outbound,AMSY
23891801,"4842","1097","2026-01-26 16:31:26",53.42648,-2.95189,41,Queen_Square_Bus_Station,Petherick_Road,"14",outbound,AMSY
23892973,"4842","1097","2026-01-26 16:31:57",53.427003,-2.951163,36,Queen_Square_Bus_Station,Petherick_Road,"14",outbound,AMSY
23894137,"4842","1097","2026-01-26 16:32:30",53.42701,-2.951158,,Queen_Square_Bus_Station,Petherick_Road,"14",outbound,AMSY
23895316,"4842","1097","2026-01-26 16:32:59",53.428121,-2.949746,31,Queen_Square_Bus_Station,Petherick_Road,"14",outbound,AMSY
23896496,"4842","1097","2026-01-26 16:33:29",53.428508,-2.949241,,Queen_Square_Bus_Station,Petherick_Road,"14",outbound,AMSY
23897287,"4842","1097","2026-01-26 16:33:51",53.428695,-2.948643,61,Queen_Square_Bus_Station,Petherick_Road,"14",outbound,AMSY
23897682,"4842","1097","2026-01-26 16:33:55",53.428806,-2.948328,61,Queen_Square_Bus_Station,Petherick_Road,"14",outbound,AMSY
23898472,"4842","1097","2026-01-26 16:34:21",53.429871,-2.94515,52,Queen_Square_Bus_Station,Petherick_Road,"14",outbound,AMSY
23900044,"4842","1097","2026-01-26 16:34:56",53.430626,-2.943568,36,Queen_Square_Bus_Station,Petherick_Road,"14",outbound,AMSY
23900831,"4842","1097","2026-01-26 16:35:13",53.43181,-2.941671,46,Queen_Square_Bus_Station,Petherick_Road,"14",outbound,AMSY
23901224,"4842","1097","2026-01-26 16:35:26",53.432178,-2.941035,41,Queen_Square_Bus_Station,Petherick_Road,"14",outbound,AMSY
23901613,"4842","1097","2026-01-26 16:35:35",53.43217,-2.941041,41,Queen_Square_Bus_Station,Petherick_Road,"14",outbound,AMSY
23902004,"4842","1097","2026-01-26 16:35:51",53.432301,-2.940513,68,Queen_Square_Bus_Station,Petherick_Road,"14",outbound,AMSY
23902394,"4842","1097","2026-01-26 16:36:03",53.433108,-2.939168,39,Queen_Square_Bus_Station,Petherick_Road,"14",outbound,AMSY
23903176,"4842","1097","2026-01-26 16:36:13",53.433726,-2.938118,52,Queen_Square_Bus_Station,Petherick_Road,"14",outbound,AMSY
23903564,"4842","1097","2026-01-26 16:36:33",53.434606,-2.935383,51,Queen_Square_Bus_Station,Petherick_Road,"14",outbound,AMSY
23904725,"4842","1097","2026-01-26 16:37:03",53.435705,-2.93387,35,Queen_Square_Bus_Station,Petherick_Road,"14",outbound,AMSY
23906271,"4842","1097","2026-01-26 16:37:46",53.43733,-2.932748,12,Queen_Square_Bus_Station,Petherick_Road,"14",outbound,AMSY
23907426,"4842","1097","2026-01-26 16:38:06",53.43788,-2.932635,349,Queen_Square_Bus_Station,Petherick_Road,"14",outbound,AMSY
23907810,"4842","1097","2026-01-26 16:38:14",53.43788,-2.932635,349,Queen_Square_Bus_Station,Petherick_Road,"14",outbound,AMSY
23908196,"4842","1097","2026-01-26 16:38:28",53.438218,-2.93261,355,Queen_Square_Bus_Station,Petherick_Road,"14",outbound,AMSY
23908582,"4842","1097","2026-01-26 16:38:34",53.438658,-2.932723,351,Queen_Square_Bus_Station,Petherick_Road,"14",outbound,AMSY
23909357,"4842","1097","2026-01-26 16:38:58",53.440818,-2.93269,5,Queen_Square_Bus_Station,Petherick_Road,"14",outbound,AMSY
23910528,"4842","1097","2026-01-26 16:39:33",53.441838,-2.932695,317,Queen_Square_Bus_Station,Petherick_Road,"14",outbound,AMSY
23911390,"4842","1097","2026-01-26 16:39:53",53.442425,-2.93213,41,Queen_Square_Bus_Station,Petherick_Road,"14",outbound,AMSY
23912562,"4842","1097","2026-01-26 16:40:31",53.442618,-2.931073,54,Queen_Square_Bus_Station,Petherick_Road,"14",outbound,AMSY
23912953,"4842","1097","2026-01-26 16:40:37",53.442626,-2.931081,54,Queen_Square_Bus_Station,Petherick_Road,"14",outbound,AMSY
23913346,"4842","1097","2026-01-26 16:40:47",53.44263,-2.931113,,Queen_Square_Bus_Station,Petherick_Road,"14",outbound,AMSY
23913737,"4842","1097","2026-01-26 16:40:59",53.442636,-2.931124,,Queen_Square_Bus_Station,Petherick_Road,"14",outbound,AMSY
23914128,"4842","1097","2026-01-26 16:41:06",53.442645,-2.931118,,Queen_Square_Bus_Station,Petherick_Road,"14",outbound,AMSY
23914520,"4842","1097","2026-01-26 16:41:19",53.442643,-2.931101,,Queen_Square_Bus_Station,Petherick_Road,"14",outbound,AMSY
23915300,"4842","1097","2026-01-26 16:41:42",53.442998,-2.929611,63,Queen_Square_Bus_Station,Petherick_Road,"14",outbound,AMSY
23915692,"4842","1097","2026-01-26 16:41:54",53.443421,-2.928395,55,Queen_Square_Bus_Station,Petherick_Road,"14",outbound,AMSY
23916864,"4842","1097","2026-01-26 16:42:25",53.443535,-2.928213,66,Queen_Square_Bus_Station,Petherick_Road,"14",outbound,AMSY
23918040,"4842","1097","2026-01-26 16:42:42",53.443758,-2.927586,59,Queen_Square_Bus_Station,Petherick_Road,"14",outbound,AMSY
23918431,"4842","1097","2026-01-26 16:42:59",53.443758,-2.927586,,Queen_Square_Bus_Station,Petherick_Road,"14",outbound,AMSY
23919214,"4842","1097","2026-01-26 16:43:21",53.444046,-2.92638,62,Queen_Square_Bus_Station,Petherick_Road,"14",outbound,AMSY
23920378,"4842","1097","2026-01-26 16:43:52",53.445008,-2.923453,55,Queen_Square_Bus_Station,Petherick_Road,"14",outbound,AMSY
23920765,"4842","1097","2026-01-26 16:44:01",53.445026,-2.923413,64,Queen_Square_Bus_Station,Petherick_Road,"14",outbound,AMSY
23921926,"4842","1097","2026-01-26 16:44:30",53.445471,-2.922041,54,Queen_Square_Bus_Station,Petherick_Road,"14",outbound,AMSY
23922313,"4842","1097","2026-01-26 16:44:36",53.445846,-2.921133,54,Queen_Square_Bus_Station,Petherick_Road,"14",outbound,AMSY
23922702,"4842","1097","2026-01-26 16:44:50",53.446681,-2.919286,51,Queen_Square_Bus_Station,Petherick_Road,"14",outbound,AMSY
23923865,"4842","1097","2026-01-26 16:45:22",53.446756,-2.919115,,Queen_Square_Bus_Station,Petherick_Road,"14",outbound,AMSY
23925418,"4842","1097","2026-01-26 16:45:55",53.447025,-2.918523,43,Queen_Square_Bus_Station,Petherick_Road,"14",outbound,AMSY
23926196,"4842","1097","2026-01-26 16:46:17",53.447215,-2.917993,53,Queen_Square_Bus_Station,Petherick_Road,"14",outbound,AMSY
23926588,"4842","1097","2026-01-26 16:46:24",53.447518,-2.917321,53,Queen_Square_Bus_Station,Petherick_Road,"14",outbound,AMSY
23927766,"4842","1097","2026-01-26 16:46:55",53.44783,-2.916543,,Queen_Square_Bus_Station,Petherick_Road,"14",outbound,AMSY
23928947,"4842","1097","2026-01-26 16:47:28",53.44783,-2.916543,,Queen_Square_Bus_Station,Petherick_Road,"14",outbound,AMSY
23930508,"4842","1097","2026-01-26 16:48:01",53.44783,-2.916543,,Queen_Square_Bus_Station,Petherick_Road,"14",outbound,AMSY
23931289,"4842","1097","2026-01-26 16:48:34",53.448443,-2.915263,54,Queen_Square_Bus_Station,Petherick_Road,"14",outbound,AMSY
23932071,"4842","1097","2026-01-26 16:48:42",53.448668,-2.914763,51,Queen_Square_Bus_Station,Petherick_Road,"14",outbound,AMSY
23933245,"4842","1097","2026-01-26 16:49:13",53.448721,-2.914635,,Queen_Square_Bus_Station,Petherick_Road,"14",outbound,AMSY
23934431,"4842","1097","2026-01-26 16:49:46",53.448721,-2.914635,,Queen_Square_Bus_Station,Petherick_Road,"14",outbound,AMSY
23935616,"4842","1097","2026-01-26 16:50:19",53.448721,-2.914635,,Queen_Square_Bus_Station,Petherick_Road,"14",outbound,AMSY
23937201,"4842","1097","2026-01-26 16:50:52",53.448721,-2.914635,,Queen_Square_Bus_Station,Petherick_Road,"14",outbound,AMSY
23937993,"4842","1097","2026-01-26 16:51:23",53.448721,-2.914635,,Queen_Square_Bus_Station,Petherick_Road,"14",outbound,AMSY
23939573,"4842","1097","2026-01-26 16:52:02",53.449203,-2.913343,58,Queen_Square_Bus_Station,Petherick_Road,"14",outbound,AMSY
23940748,"4842","1097","2026-01-26 16:52:28",53.450508,-2.910385,53,Queen_Square_Bus_Station,Petherick_Road,"14",outbound,AMSY
23941529,"4842","1097","2026-01-26 16:52:45",53.451,-2.909445,53,Queen_Square_Bus_Station,Petherick_Road,"14",outbound,AMSY
23941919,"4842","1097","2026-01-26 16:52:57",53.451051,-2.909256,55,Queen_Square_Bus_Station,Petherick_Road,"14",outbound,AMSY
23942308,"4842","1097","2026-01-26 16:53:06",53.451401,-2.908376,56,Queen_Square_Bus_Station,Petherick_Road,"14",outbound,AMSY
23942700,"4842","1097","2026-01-26 16:53:19",53.451965,-2.906928,56,Queen_Square_Bus_Station,Petherick_Road,"14",outbound,AMSY
23943873,"4842","1097","2026-01-26 16:53:46",53.452426,-2.905758,55,Queen_Square_Bus_Station,Petherick_Road,"14",outbound,AMSY
23944265,"4842","1097","2026-01-26 16:53:51",53.452596,-2.905333,57,Queen_Square_Bus_Station,Petherick_Road,"14",outbound,AMSY
23945439,"4842","1097","2026-01-26 16:54:24",53.452678,-2.905141,,Queen_Square_Bus_Station,Petherick_Road,"14",outbound,AMSY
23946221,"4842","1097","2026-01-26 16:54:48",53.453108,-2.903856,79,Queen_Square_Bus_Station,Petherick_Road,"14",outbound,AMSY
23947402,"4842","1097","2026-01-26 16:55:21",53.453246,-2.902403,81,Queen_Square_Bus_Station,Petherick_Road,"14",outbound,AMSY
23947794,"4842","1097","2026-01-26 16:55:28",53.45331,-2.90154,78,Queen_Square_Bus_Station,Petherick_Road,"14",outbound,AMSY
23948189,"4842","1097","2026-01-26 16:55:42",53.453965,-2.899676,36,Queen_Square_Bus_Station,Petherick_Road,"14",outbound,AMSY
23948977,"4842","1097","2026-01-26 16:56:04",53.454735,-2.899036,25,Queen_Square_Bus_Station,Petherick_Road,"14",outbound,AMSY
23949370,"4842","1097","2026-01-26 16:56:08",53.455038,-2.898793,23,Queen_Square_Bus_Station,Petherick_Road,"14",outbound,AMSY
23949766,"4842","1097","2026-01-26 16:56:18",53.45587,-2.89817,24,Queen_Square_Bus_Station,Petherick_Road,"14",outbound,AMSY
23951358,"4842","1097","2026-01-26 16:56:56",53.457056,-2.896395,25,Queen_Square_Bus_Station,Petherick_Road,"14",outbound,AMSY
23952149,"4842","1097","2026-01-26 16:57:22",53.457895,-2.895838,26,Queen_Square_Bus_Station,Petherick_Road,"14",outbound,AMSY
23952544,"4842","1097","2026-01-26 16:57:25",53.45814,-2.89568,18,Queen_Square_Bus_Station,Petherick_Road,"14",outbound,AMSY
23952938,"4842","1097","2026-01-26 16:57:38",53.459206,-2.894946,19,Queen_Square_Bus_Station,Petherick_Road,"14",outbound,AMSY
23953726,"4842","1097","2026-01-26 16:58:01",53.459998,-2.894311,29,Queen_Square_Bus_Station,Petherick_Road,"14",outbound,AMSY
23954118,"4842","1097","2026-01-26 16:58:06",53.460386,-2.893941,30,Queen_Square_Bus_Station,Petherick_Road,"14",outbound,AMSY
23954900,"4842","1097","2026-01-26 16:58:31",53.46173,-2.89481,339,Queen_Square_Bus_Station,Petherick_Road,"14",outbound,AMSY
23955292,"4842","1097","2026-01-26 16:58:41",53.462223,-2.895089,,Queen_Square_Bus_Station,Petherick_Road,"14",outbound,AMSY
24077150,"4842","1113","2026-01-26 17:50:18",53.407861,-2.983701,,Queen_Square_Bus_Station,Petherick_Road,"14",outbound,AMSY
24077538,"4842","1113","2026-01-26 17:50:25",53.407776,-2.983788,196,Queen_Square_Bus_Station,Petherick_Road,"14",outbound,AMSY
24078702,"4842","1113","2026-01-26 17:50:58",53.407785,-2.983771,,Queen_Square_Bus_Station,Petherick_Road,"14",outbound,AMSY
24079471,"4842","1113","2026-01-26 17:51:18",53.407598,-2.983736,114,Queen_Square_Bus_Station,Petherick_Road,"14",outbound,AMSY
24080242,"4842","1113","2026-01-26 17:51:41",53.407535,-2.982333,38,Queen_Square_Bus_Station,Petherick_Road,"14",outbound,AMSY
24080630,"4842","1113","2026-01-26 17:51:48",53.40756,-2.982141,55,Queen_Square_Bus_Station,Petherick_Road,"14",outbound,AMSY
24081016,"4842","1113","2026-01-26 17:52:02",53.40756,-2.982141,55,Queen_Square_Bus_Station,Petherick_Road,"14",outbound,AMSY
24081403,"4842","1113","2026-01-26 17:52:07",53.40756,-2.982141,,Queen_Square_Bus_Station,Petherick_Road,"14",outbound,AMSY
24081792,"4842","1113","2026-01-26 17:52:16",53.40756,-2.982141,,Queen_Square_Bus_Station,Petherick_Road,"14",outbound,AMSY
24082180,"4842","1113","2026-01-26 17:52:29",53.40756,-2.982141,,Queen_Square_Bus_Station,Petherick_Road,"14",outbound,AMSY
24082565,"4842","1113","2026-01-26 17:52:40",53.40756,-2.982141,,Queen_Square_Bus_Station,Petherick_Road,"14",outbound,AMSY
24082950,"4842","1113","2026-01-26 17:52:45",53.40756,-2.982141,,Queen_Square_Bus_Station,Petherick_Road,"14",outbound,AMSY
24083334,"4842","1113","2026-01-26 17:52:57",53.40756,-2.982141,,Queen_Square_Bus_Station,Petherick_Road,"14",outbound,AMSY
24083721,"4842","1113","2026-01-26 17:53:12",53.40756,-2.982141,,Queen_Square_Bus_Station,Petherick_Road,"14",outbound,AMSY
24084107,"4842","1113","2026-01-26 17:53:21",53.40756,-2.982141,,Queen_Square_Bus_Station,Petherick_Road,"14",outbound,AMSY
24084883,"4842","1113","2026-01-26 17:53:35",53.40756,-2.982141,,Queen_Square_Bus_Station,Petherick_Road,"14",outbound,AMSY
24085271,"4842","1113","2026-01-26 17:53:49",53.40756,-2.982141,,Queen_Square_Bus_Station,Petherick_Road,"14",outbound,AMSY
24086431,"4842","1113","2026-01-26 17:54:22",53.407906,-2.981496,33,Queen_Square_Bus_Station,Petherick_Road,"14",outbound,AMSY
24088358,"4842","1113","2026-01-26 17:54:55",53.407906,-2.981496,,Queen_Square_Bus_Station,Petherick_Road,"14",outbound,AMSY
24089127,"4842","1113","2026-01-26 17:55:28",53.407906,-2.981496,,Queen_Square_Bus_Station,Petherick_Road,"14",outbound,AMSY
24089892,"4842","1113","2026-01-26 17:55:48",53.407943,-2.98137,53,Queen_Square_Bus_Station,Petherick_Road,"14",outbound,AMSY
24090277,"4842","1113","2026-01-26 17:55:59",53.407841,-2.980373,117,Queen_Square_Bus_Station,Petherick_Road,"14",outbound,AMSY
24091430,"4842","1113","2026-01-26 17:56:32",53.407748,-2.97944,22,Queen_Square_Bus_Station,Petherick_Road,"14",outbound,AMSY
24092589,"4842","1113","2026-01-26 17:57:05",53.407748,-2.97944,,Queen_Square_Bus_Station,Petherick_Road,"14",outbound,AMSY
24094138,"4842","1113","2026-01-26 17:57:38",53.409076,-2.978468,11,Queen_Square_Bus_Station,Petherick_Road,"14",outbound,AMSY
24095315,"4842","1113","2026-01-26 17:58:11",53.409128,-2.978488,,Queen_Square_Bus_Station,Petherick_Road,"14",outbound,AMSY
24096467,"4842","1113","2026-01-26 17:58:44",53.40934,-2.977688,91,Queen_Square_Bus_Station,Petherick_Road,"14",outbound,AMSY
24097996,"4842","1113","2026-01-26 17:59:17",53.409463,-2.975815,95,Queen_Square_Bus_Station,Petherick_Road,"14",outbound,AMSY
24099136,"4842","1113","2026-01-26 17:59:49",53.409455,-2.973615,94,Queen_Square_Bus_Station,Petherick_Road,"14",outbound,AMSY
24100280,"4842","1113","2026-01-26 18:00:16",53.409435,-2.973525,,Queen_Square_Bus_Station,Petherick_Road,"14",outbound,AMSY
24101426,"4842","1113","2026-01-26 18:00:50",53.409398,-2.97317,57,Queen_Square_Bus_Station,Petherick_Road,"14",outbound,AMSY
24102184,"4842","1113","2026-01-26 18:01:06",53.40936,-2.972306,96,Queen_Square_Bus_Station,Petherick_Road,"14",outbound,AMSY
24102566,"4842","1113","2026-01-26 18:01:10",53.409328,-2.972001,95,Queen_Square_Bus_Station,Petherick_Road,"14",outbound,AMSY
24103325,"4842","1113","2026-01-26 18:01:42",53.409588,-2.970681,15,Queen_Square_Bus_Station,Petherick_Road,"14",outbound,AMSY
24103706,"4842","1113","2026-01-26 18:01:44",53.409741,-2.970521,59,Queen_Square_Bus_Station,Petherick_Road,"14",outbound,AMSY
24104085,"4842","1113","2026-01-26 18:01:55",53.41012,-2.969778,58,Queen_Square_Bus_Station,Petherick_Road,"14",outbound,AMSY
24105214,"4842","1113","2026-01-26 18:02:27",53.41106,-2.967996,354,Queen_Square_Bus_Station,Petherick_Road,"14",outbound,AMSY
24106327,"4842","1113","2026-01-26 18:03:00",53.411505,-2.967981,,Queen_Square_Bus_Station,Petherick_Road,"14",outbound,AMSY
24107806,"4842","1113","2026-01-26 18:03:29",53.411863,-2.967823,12,Queen_Square_Bus_Station,Petherick_Road,"14",outbound,AMSY
24108177,"4842","1113","2026-01-26 18:03:42",53.412381,-2.966513,52,Queen_Square_Bus_Station,Petherick_Road,"14",outbound,AMSY
24109289,"4842","1113","2026-01-26 18:04:21",53.414166,-2.962785,39,Queen_Square_Bus_Station,Petherick_Road,"14",outbound,AMSY
24110766,"4842","1113","2026-01-26 18:04:54",53.414705,-2.962868,335,Queen_Square_Bus_Station,Petherick_Road,"14",outbound,AMSY
24111133,"4842","1113","2026-01-26 18:05:14",53.41531,-2.963656,322,Queen_Square_Bus_Station,Petherick_Road,"14",outbound,AMSY
24112238,"4842","1113","2026-01-26 18:05:34",53.416436,-2.965106,324,Queen_Square_Bus_Station,Petherick_Road,"14",outbound,AMSY
24112605,"4842","1113","2026-01-26 18:05:45",53.417186,-2.965945,317,Queen_Square_Bus_Station,Petherick_Road,"14",outbound,AMSY
24112969,"4842","1113","2026-01-26 18:06:00",53.41836,-2.96727,343,Queen_Square_Bus_Station,Petherick_Road,"14",outbound,AMSY
24114078,"4842","1113","2026-01-26 18:06:30",53.419325,-2.967678,339,Queen_Square_Bus_Station,Petherick_Road,"14",outbound,AMSY
24115193,"4842","1113","2026-01-26 18:07:01",53.420003,-2.966025,66,Queen_Square_Bus_Station,Petherick_Road,"14",outbound,AMSY
24115565,"4842","1113","2026-01-26 18:07:10",53.420501,-2.964668,34,Queen_Square_Bus_Station,Petherick_Road,"14",outbound,AMSY
24116686,"4842","1113","2026-01-26 18:07:37",53.421228,-2.963838,48,Queen_Square_Bus_Station,Petherick_Road,"14",outbound,AMSY
24117057,"4842","1113","2026-01-26 18:07:48",53.421791,-2.962621,63,Queen_Square_Bus_Station,Petherick_Road,"14",outbound,AMSY
24118175,"4842","1113","2026-01-26 18:08:19",53.422155,-2.960745,58,Queen_Square_Bus_Station,Petherick_Road,"14",outbound,AMSY
24119662,"4842","1113","2026-01-26 18:08:56",53.422373,-2.960163,48,Queen_Square_Bus_Station,Petherick_Road,"14",outbound,AMSY
24120034,"4842","1113","2026-01-26 18:09:10",53.422685,-2.959655,36,Queen_Square_Bus_Station,Petherick_Road,"14",outbound,AMSY
24120407,"4842","1113","2026-01-26 18:09:14",53.422685,-2.959655,36,Queen_Square_Bus_Station,Petherick_Road,"14",outbound,AMSY
24120782,"4842","1113","2026-01-26 18:09:19",53.422685,-2.959655,36,Queen_Square_Bus_Station,Petherick_Road,"14",outbound,AMSY
24121158,"4842","1113","2026-01-26 18:09:40",53.422958,-2.959063,50,Queen_Square_Bus_Station,Petherick_Road,"14",outbound,AMSY
24121535,"4842","1113","2026-01-26 18:09:45",53.423186,-2.958578,56,Queen_Square_Bus_Station,Petherick_Road,"14",outbound,AMSY
24122285,"4842","1113","2026-01-26 18:10:08",53.424205,-2.955848,55,Queen_Square_Bus_Station,Petherick_Road,"14",outbound,AMSY
24123409,"4842","1113","2026-01-26 18:10:40",53.424823,-2.954318,45,Queen_Square_Bus_Station,Petherick_Road,"14",outbound,AMSY
24124154,"4842","1113","2026-01-26 18:10:56",53.425781,-2.952881,35,Queen_Square_Bus_Station,Petherick_Road,"14",outbound,AMSY
24124898,"4842","1113","2026-01-26 18:11:23",53.426476,-2.951971,34,Queen_Square_Bus_Station,Petherick_Road,"14",outbound,AMSY
24125269,"4842","1113","2026-01-26 18:11:29",53.426808,-2.951531,37,Queen_Square_Bus_Station,Petherick_Road,"14",outbound,AMSY
24126004,"4842","1113","2026-01-26 18:11:46",53.428175,-2.949796,29,Queen_Square_Bus_Station,Petherick_Road,"14",outbound,AMSY
24127107,"4842","1113","2026-01-26 18:12:18",53.42848,-2.949336,,Queen_Square_Bus_Station,Petherick_Road,"14",outbound,AMSY
24127475,"4842","1113","2026-01-26 18:12:31",53.428736,-2.948765,57,Queen_Square_Bus_Station,Petherick_Road,"14",outbound,AMSY
24127843,"4842","1113","2026-01-26 18:12:40",53.42903,-2.947851,62,Queen_Square_Bus_Station,Petherick_Road,"14",outbound,AMSY
24128578,"4842","1113","2026-01-26 18:13:01",53.429953,-2.945178,51,Queen_Square_Bus_Station,Petherick_Road,"14",outbound,AMSY
24129310,"4842","1113","2026-01-26 18:13:21",53.430201,-2.944643,22,Queen_Square_Bus_Station,Petherick_Road,"14",outbound,AMSY
24130043,"4842","1113","2026-01-26 18:13:38",53.430468,-2.943966,43,Queen_Square_Bus_Station,Petherick_Road,"14",outbound,AMSY
24130410,"4842","1113","2026-01-26 18:13:43",53.430701,-2.943551,32,Queen_Square_Bus_Station,Petherick_Road,"14",outbound,AMSY
24130779,"4842","1113","2026-01-26 18:13:59",53.431776,-2.941716,46,Queen_Square_Bus_Station,Petherick_Road,"14",outbound,AMSY
24131879,"4842","1113","2026-01-26 18:14:30",53.432656,-2.939805,38,Queen_Square_Bus_Station,Petherick_Road,"14",outbound,AMSY
24132241,"4842","1113","2026-01-26 18:14:35",53.433148,-2.939313,37,Queen_Square_Bus_Station,Petherick_Road,"14",outbound,AMSY
24132960,"4842","1113","2026-01-26 18:14:57",53.433733,-2.938268,47,Queen_Square_Bus_Station,Petherick_Road,"14",outbound,AMSY
24133318,"4842","1113","2026-01-26 18:15:05",53.43402,-2.937393,65,Queen_Square_Bus_Station,Petherick_Road,"14",outbound,AMSY
24133676,"4842","1113","2026-01-26 18:15:17",53.43458,-2.93545,52,Queen_Square_Bus_Station,Petherick_Road,"14",outbound,AMSY
24134033,"4842","1113","2026-01-26 18:15:27",53.435298,-2.93437,38,Queen_Square_Bus_Station,Petherick_Road,"14",outbound,AMSY
24135112,"4842","1113","2026-01-26 18:16:02",53.437341,-2.932775,11,Queen_Square_Bus_Station,Petherick_Road,"14",outbound,AMSY
24136189,"4842","1113","2026-01-26 18:16:31",53.438645,-2.932706,356,Queen_Square_Bus_Station,Petherick_Road,"14",outbound,AMSY
24136901,"4842","1113","2026-01-26 18:16:49",53.440803,-2.932763,1,Queen_Square_Bus_Station,Petherick_Road,"14",outbound,AMSY
24137969,"4842","1113","2026-01-26 18:17:22",53.441308,-2.932631,,Queen_Square_Bus_Station,Petherick_Road,"14",outbound,AMSY
24139402,"4842","1113","2026-01-26 18:17:55",53.441308,-2.932631,,Queen_Square_Bus_Station,Petherick_Road,"14",outbound,AMSY
24140474,"4842","1113","2026-01-26 18:18:28",53.441316,-2.93262,,Queen_Square_Bus_Station,Petherick_Road,"14",outbound,AMSY
24141556,"4842","1113","2026-01-26 18:18:55",53.441316,-2.93262,,Queen_Square_Bus_Station,Petherick_Road,"14",outbound,AMSY
